分类,型号,厂商,国内参考价格,价格币种,价格类型,国内价格来源说明,发行日期,性能指标,商品描述,采集日期,来源链接
CPU,Ryzen 9 9950X3D,AMD,价格面议/约4999-5599,CNY,国内电商/产品库参考价,"ZOL产品库显示价格面议，按同代旗舰国内电商常见价位补充区间",2025-03-12,"16核32线程; 最高5.7GHz; 144MB缓存; 170W TDP; AM5; DDR5","高端游戏和创作处理器，采用3D V-Cache，适合旗舰AM5平台。",2026-06-06,https://detail.zol.com.cn/cpu/index2118101.shtml
CPU,Ryzen 9 9950X,AMD,3699,CNY,京东在售参考价,"ZOL产品页抓取到京东3699元",2024-08-15,"16核32线程; 最高5.7GHz; 80MB缓存; 170W TDP; AM5; DDR5","Zen 5旗舰常规版处理器，偏重多线程创作和高端桌面。",2026-06-06,https://detail.zol.com.cn/cpu/index2018964.shtml
CPU,Ryzen 9 9900X3D,AMD,价格面议/约3599-4299,CNY,国内电商/产品库参考价,"ZOL产品库显示价格面议，按同代12核X3D国内价位补充区间",2025-03-12,"12核24线程; 最高5.5GHz; 140MB缓存; 120W TDP; AM5; DDR5","面向游戏和多任务的高端X3D处理器。",2026-06-06,https://detail.zol.com.cn/cpu/index2118100.shtml
CPU,Ryzen 9 9900X,AMD,2999-3299,CNY,国内电商参考区间,"ZOL同系列页面展示为价格面议，按国内常见电商价位整理",2024-08-15,"12核24线程; 最高5.6GHz; 76MB缓存; 120W TDP; AM5; DDR5","高端主流Zen 5处理器，适合游戏、开发和内容创作。",2026-06-06,https://detail.zol.com.cn/series/28/55/param_10864692_0_1.html
CPU,Ryzen 7 9800X3D,AMD,3299-3799,CNY,京东/产品库参考价,"ZOL页面显示京东3299元，产品型号列表参考价3799元；IT之家曾记录京东3400元新低",2024-11-07,"8核16线程; 最高5.2GHz; 104MB缓存; 120W TDP; AM5; DDR5","热门游戏处理器，适合高帧率游戏平台。",2026-06-06,https://detail.zol.com.cn/cpu/index2113342.shtml
CPU,Ryzen 7 9700X,AMD,1989-2849,CNY,京东/产品库参考价,"ZOL列表显示京东1989元，产品页型号表显示2849元",2024-08-08,"8核16线程; 最高5.5GHz; 40MB缓存; 65W TDP; AM5; DDR5","低功耗高性能Zen 5处理器，适合中高端游戏与日常生产力。",2026-06-06,https://detail.zol.com.cn/cpu/index2018966.shtml
CPU,Ryzen 5 9600X,AMD,1169-1499,CNY,京东/产品库参考价,"ZOL列表显示京东1169元，产品页参考价1499元，经销商价约1052元起",2024-08-08,"6核12线程; 最高5.4GHz; 38MB缓存; 65W TDP; AM5; DDR5","主流Zen 5桌面处理器，适合中端游戏平台。",2026-06-06,https://detail.zol.com.cn/cpu/index2018967.shtml
CPU,Ryzen 7 8700G,AMD,1599-1999,CNY,国内电商参考区间,"国内电商盒装/散片常见区间，价格随促销波动",2024-01-31,"8核16线程; 最高5.1GHz; Radeon 780M核显; 65W TDP; AM5; DDR5","高性能APU，适合不装独显的小型台式机或过渡配置。",2026-06-06,https://www.amd.com/zh-cn/products/processors/desktops/ryzen.html
CPU,Ryzen 5 8600G,AMD,1099-1399,CNY,国内电商参考区间,"国内电商盒装/散片常见区间，价格随促销波动",2024-01-31,"6核12线程; 最高5.0GHz; Radeon 760M核显; 65W TDP; AM5; DDR5","主流APU，适合办公、轻度游戏和小型主机。",2026-06-06,https://www.amd.com/zh-cn/products/processors/desktops/ryzen.html
CPU,Ryzen 5 8500G,AMD,799-999,CNY,国内电商参考区间,"国内电商盒装/散片常见区间，价格随促销波动",2024-01-31,"6核12线程; 最高5.0GHz; Radeon 740M核显; 65W TDP; AM5; DDR5","入门级AM5 APU，适合低预算无独显配置。",2026-06-06,https://www.amd.com/zh-cn/products/processors/desktops/ryzen.html
CPU,Ryzen 7 7800X3D,AMD,2299-2799,CNY,国内电商参考区间,"国内电商常见在售价区间，X3D型号促销波动较大",2023-04-06,"8核16线程; 最高5.0GHz; 104MB缓存; 120W TDP; AM5; DDR5","成熟热门游戏处理器，仍常见于高性价比游戏清单。",2026-06-06,https://www.amd.com/zh-cn/products/processors/desktops/ryzen.html
CPU,Ryzen 5 7600X,AMD,1099-1399,CNY,国内电商参考区间,"国内电商常见盒装/散片价位",2022-09-27,"6核12线程; 最高5.3GHz; 38MB缓存; 105W TDP; AM5; DDR5","AM5入门到中端游戏处理器。",2026-06-06,https://www.amd.com/zh-cn/products/processors/desktops/ryzen.html
CPU,Core Ultra 9 285K,Intel,3899-4599,CNY,国内电商参考区间,"国内电商盒装常见区间，ZOL部分页面以整机形式收录",2024-10-24,"24核心24线程; 最高5.7GHz; 36MB缓存; 125W基础功耗; LGA1851; DDR5","Arrow Lake-S旗舰可超频处理器，面向高端台式机。",2026-06-06,https://www.intel.cn/content/www/cn/zh/products/details/processors/core-ultra.html
CPU,Core Ultra 7 265K,Intel,1969-3199,CNY,京东/产品库参考价,"ZOL比价页显示当地参考价3199元，英特尔京东自营旗舰店1969元，天猫2829元",2024-10-24,"20核心20线程; 最高5.5GHz; 30MB缓存; 125W基础功耗; LGA1851; DDR5","高端主流可超频处理器，适合游戏、直播和多任务。",2026-06-06,https://detail.zol.com.cn/cpu/index2110067.shtml
CPU,Core Ultra 7 265,Intel,2549,CNY,京东/产品库参考价,"ZOL产品页显示京东2549元",2025-Q1,"20核心20线程; 最高约5.3GHz; LGA1851; DDR5","非K版Core Ultra 7，适合非超频新平台装机。",2026-06-06,https://detail.zol.com.cn/cpu/index2130890.shtml
CPU,Core Ultra 5 245K,Intel,1499-1999,CNY,国内电商参考区间,"国内电商常见盒装价位，随促销波动",2024-10-24,"14核心14线程; 最高5.2GHz; 24MB缓存; 125W基础功耗; LGA1851; DDR5","主流可超频Arrow Lake处理器。",2026-06-06,https://www.intel.cn/content/www/cn/zh/products/details/processors/core-ultra.html
CPU,Core i9-14900K,Intel,3299-3999,CNY,国内电商参考区间,"第14代旗舰国内在售价区间，LGA1700平台库存影响较大",2023-10-17,"24核心32线程; 最高6.0GHz; 36MB缓存; 125W基础功耗; LGA1700; DDR5/DDR4","第14代旗舰可超频处理器。",2026-06-06,https://www.intel.cn/content/www/cn/zh/products/details/processors/core.html
CPU,Core i7-14700K,Intel,2699-3499,CNY,京东/产品库参考价,"ZOL产品页显示参考价3499元，京东2699元，另有盒装3049元",2023-10-17,"20核心28线程; 最高5.6GHz; 33MB缓存; 125W基础功耗; LGA1700; DDR5/DDR4","第14代高端主流处理器，多线程规格较强。",2026-06-06,https://detail.zol.com.cn/cpu/index1814492.shtml
CPU,Core i5-14600K,Intel,1699-2199,CNY,国内电商参考区间,"国内电商常见盒装/散片价位",2023-10-17,"14核心20线程; 最高5.3GHz; 24MB缓存; 125W基础功耗; LGA1700; DDR5/DDR4","主流游戏和生产力处理器。",2026-06-06,https://www.intel.cn/content/www/cn/zh/products/details/processors/core.html
显卡,GeForce RTX 5090,NVIDIA,19999-23999,CNY,国内电商参考区间,"高端非公版和缺货溢价明显，按国内常见在售区间整理",2025-01-30,"21760 CUDA核心; 32GB GDDR7; 512-bit; 575W; DLSS 4; PCIe 5.0","Blackwell旗舰游戏显卡，面向4K高刷、AI和创作负载。",2026-06-06,https://www.nvidia.cn/geforce/graphics-cards/50-series/
显卡,GeForce RTX 5080,NVIDIA,8299-12699,CNY,京东/产品库参考价,"ZOL RTX 5080系列页显示映众8299元起、NVIDIA涡轮10499元、技嘉京东12699元、华硕京东10999元",2025-01-30,"10752 CUDA核心; 16GB GDDR7; 256-bit; 360W; DLSS 4; PCIe 5.0","高端Blackwell显卡，适合4K游戏和创作工作流。",2026-06-06,https://detail.zol.com.cn/vga/s11094/new_pic.html
显卡,GeForce RTX 5070 Ti,NVIDIA,6299-8399,CNY,京东/产品库参考价,"ZOL产品库显示NVIDIA RTX 5070 Ti参考价6299元，映众京东7599元，技嘉京东8399元",2025-02-20,"8960 CUDA核心; 16GB GDDR7; 256-bit; 300W; DLSS 4; PCIe 5.0","中高端Blackwell显卡，适合2K高刷和部分4K游戏。",2026-06-06,https://detail.zol.com.cn/vga/index2118118.shtml
显卡,GeForce RTX 5070,NVIDIA,4575-5299,CNY,国内电商参考价,"值值值抓取京东影驰RTX 5070活动价4575.61元，另有4799元记录；非公版常见至5299元",2025-03-05,"6144 CUDA核心; 12GB GDDR7; 192-bit; 250W; DLSS 4; PCIe 5.0","主流高性能显卡，定位2K游戏和AI加速桌面。",2026-06-06,https://www.zhizhizhi.com/n/cuy2t
显卡,GeForce RTX 5060 Ti 16GB,NVIDIA,3299-3999,CNY,国内电商参考区间,"国内非公版常见在售价区间，显存容量和品牌溢价影响较大",2025-04-16,"4608 CUDA核心; 16GB GDDR7; 128-bit; 180W; DLSS 4; PCIe 5.0","大显存主流显卡，适合高纹理2K游戏和创作入门。",2026-06-06,https://www.nvidia.cn/geforce/graphics-cards/50-series/
显卡,GeForce RTX 5060 Ti 8GB,NVIDIA,2799-3299,CNY,国内电商参考区间,"国内非公版常见在售价区间",2025-04-16,"4608 CUDA核心; 8GB GDDR7; 128-bit; 180W; DLSS 4; PCIe 5.0","主流Blackwell显卡，适合1080p和部分2K游戏。",2026-06-06,https://www.nvidia.cn/geforce/graphics-cards/50-series/
显卡,GeForce RTX 5060,NVIDIA,2199-2699,CNY,国内电商参考区间,"国内非公版常见在售价区间",2025-05-19,"3840 CUDA核心; 8GB GDDR7; 128-bit; 145W; DLSS 4; PCIe 5.0","入门到主流Blackwell显卡，适合1080p游戏。",2026-06-06,https://www.nvidia.cn/geforce/graphics-cards/50-series/
显卡,GeForce RTX 4090,NVIDIA,15999-22999,CNY,国内电商/二级市场参考区间,"老旗舰库存和二级市场差异较大，价格仅作参考",2022-10-12,"16384 CUDA核心; 24GB GDDR6X; 384-bit; 450W; DLSS 3; PCIe 4.0","Ada Lovelace上一代旗舰显卡，仍适合4K游戏和AI创作。",2026-06-06,https://www.nvidia.cn/geforce/graphics-cards/40-series/
显卡,GeForce RTX 4080 SUPER,NVIDIA,7999-9999,CNY,国内电商参考区间,"上一代高端显卡库存价，随品牌和促销波动",2024-01-31,"10240 CUDA核心; 16GB GDDR6X; 256-bit; 320W; DLSS 3; PCIe 4.0","上一代高端显卡，适合4K游戏与内容创作。",2026-06-06,https://www.nvidia.cn/geforce/graphics-cards/40-series/
显卡,GeForce RTX 4070 Ti SUPER,NVIDIA,5999-6999,CNY,国内电商参考区间,"上一代中高端显卡库存价，随品牌和促销波动",2024-01-24,"8448 CUDA核心; 16GB GDDR6X; 256-bit; 285W; DLSS 3; PCIe 4.0","16GB显存中高端显卡，适合高画质2K/4K。",2026-06-06,https://www.nvidia.cn/geforce/graphics-cards/40-series/
显卡,GeForce RTX 4070 SUPER,NVIDIA,4499-5499,CNY,国内电商参考区间,"上一代2K主流高端显卡库存价",2024-01-17,"7168 CUDA核心; 12GB GDDR6X; 192-bit; 220W; DLSS 3; PCIe 4.0","高性价比2K游戏显卡，性能和功耗较均衡。",2026-06-06,https://www.nvidia.cn/geforce/graphics-cards/40-series/
显卡,GeForce RTX 4060 Ti 16GB,NVIDIA,2999-3699,CNY,国内电商参考区间,"国内库存和非公版差价较大",2023-07-18,"4352 CUDA核心; 16GB GDDR6; 128-bit; 165W; DLSS 3; PCIe 4.0","16GB显存版本，适合预算创作和高纹理1080p/2K游戏。",2026-06-06,https://www.nvidia.cn/geforce/graphics-cards/40-series/
显卡,GeForce RTX 4060,NVIDIA,1899-2399,CNY,国内电商参考区间,"国内主流入门显卡常见价位",2023-06-29,"3072 CUDA核心; 8GB GDDR6; 128-bit; 115W; DLSS 3; PCIe 4.0","入门级Ada显卡，适合1080p游戏和低功耗装机。",2026-06-06,https://www.nvidia.cn/geforce/graphics-cards/40-series/
显卡,Radeon RX 9070 XT,AMD,4999-5799,CNY,京东/产品库参考价,"ZOL蓝宝石PULSE参考价4999元、京东5649元；瀚铠系列京东5799元",2025-03-06,"64计算单元; 16GB GDDR6; 256-bit; 304W TBP; RDNA 4; FSR 4","RDNA 4高端显卡，面向2K/4K游戏和光追性能提升。",2026-06-06,https://detail.zol.com.cn/vga/index2126097.shtml
显卡,Radeon RX 9070,AMD,4299-4999,CNY,国内电商参考区间,"国内非公版常见在售价区间",2025-03-06,"56计算单元; 16GB GDDR6; 256-bit; 220W TBP; RDNA 4; FSR 4","RDNA 4主流高端显卡，适合高画质2K游戏。",2026-06-06,https://www.amd.com/zh-cn/products/graphics/desktops/radeon.html
显卡,Radeon RX 9060 XT 16GB,AMD,2699-3299,CNY,国内电商参考区间,"国内非公版常见在售价区间",2025-06-05,"32计算单元; 16GB GDDR6; 128-bit; 160W TBP; RDNA 4; FSR 4","主流RDNA 4显卡，16GB显存版本适合预算型2K配置。",2026-06-06,https://www.amd.com/zh-cn/products/graphics/desktops/radeon.html
显卡,Radeon RX 9060 XT 8GB,AMD,2199-2699,CNY,国内电商参考区间,"国内非公版常见在售价区间",2025-06-05,"32计算单元; 8GB GDDR6; 128-bit; 150W TBP; RDNA 4; FSR 4","主流RDNA 4显卡，适合1080p高画质游戏。",2026-06-06,https://www.amd.com/zh-cn/products/graphics/desktops/radeon.html
显卡,Radeon RX 7900 XTX,AMD,6999-8999,CNY,国内电商参考区间,"上一代旗舰库存价，品牌和库存影响较大",2022-12-13,"96计算单元; 24GB GDDR6; 384-bit; 355W TBP; RDNA 3","RDNA 3旗舰显卡，适合4K游戏和大显存需求。",2026-06-06,https://www.amd.com/zh-cn/products/graphics/desktops/radeon.html
显卡,Radeon RX 7900 GRE,AMD,3699-4599,CNY,国内电商参考区间,"国内高性价比2K/4K显卡常见价位",2024-02-27,"80计算单元; 16GB GDDR6; 256-bit; 260W TBP; RDNA 3","中高端RDNA 3显卡，常见于高性价比配置。",2026-06-06,https://www.amd.com/zh-cn/products/graphics/desktops/radeon.html
显卡,Radeon RX 7800 XT,AMD,3299-3999,CNY,国内电商参考区间,"国内主流2K显卡库存价",2023-09-06,"60计算单元; 16GB GDDR6; 256-bit; 263W TBP; RDNA 3","高性价比2K游戏显卡，16GB显存配置较充足。",2026-06-06,https://www.amd.com/zh-cn/products/graphics/desktops/radeon.html
显卡,Radeon RX 7700 XT,AMD,2699-3299,CNY,国内电商参考区间,"国内中端显卡库存价",2023-09-06,"54计算单元; 12GB GDDR6; 192-bit; 245W TBP; RDNA 3","面向2K游戏的中端显卡。",2026-06-06,https://www.amd.com/zh-cn/products/graphics/desktops/radeon.html
显卡,Radeon RX 7600 XT,AMD,1999-2499,CNY,国内电商参考区间,"国内主流1080p显卡价位",2024-01-24,"32计算单元; 16GB GDDR6; 128-bit; 190W TBP; RDNA 3","16GB主流显卡，适合1080p游戏和较大显存需求。",2026-06-06,https://www.amd.com/zh-cn/products/graphics/desktops/radeon.html
显卡,Arc B580,Intel,1899-2199,CNY,国内电商参考区间,"国内主流Intel独显常见价位",2024-12-13,"20 Xe2核心; 12GB GDDR6; 192-bit; 190W TBP; XeSS 2; PCIe 4.0","Battlemage主流显卡，12GB显存在同价位有优势。",2026-06-06,https://www.intel.cn/content/www/cn/zh/products/details/discrete-gpus/arc.html
主板,ROG Crosshair X870E Hero,ASUS,4999-5999,CNY,国内电商参考区间,"国内ROG高端AM5主板常见价位",2024-Q4,"AM5; X870E; ATX; DDR5; PCIe 5.0 x16; PCIe 5.0 M.2; Wi-Fi 7; USB4","ASUS高端AM5主板，适合旗舰Ryzen和高扩展需求。",2026-06-06,https://rog.asus.com.cn/motherboards/rog-crosshair/
主板,ROG Strix X870E-E Gaming WiFi,ASUS,3799-4599,CNY,国内电商参考区间,"国内ROG Strix X870E主板常见价位",2024-Q4,"AM5; X870E; ATX; DDR5; PCIe 5.0 x16; 多M.2; Wi-Fi 7; USB4","高端AM5游戏主板，供电、扩展和高速存储规格完整。",2026-06-06,https://rog.asus.com.cn/motherboards/rog-strix/
主板,MAG X870 Tomahawk WiFi,MSI,1999-2499,CNY,国内电商参考区间,"国内X870战斧导弹常见价位",2024-Q4,"AM5; X870; ATX; DDR5; PCIe 5.0; Wi-Fi 7","中高端AM5主板，主打稳定供电和扩展性。",2026-06-06,https://cn.msi.com/Motherboard/MAG-X870-TOMAHAWK-WIFI
主板,X870E AORUS Elite WiFi7,GIGABYTE,2099-2599,CNY,京东/产品库参考价,"ZOL技嘉X870系列页显示京东2099元起",2024-Q4,"AM5; X870E; ATX; DDR5; PCIe 5.0 x16; PCIe 5.0 M.2; Wi-Fi 7","AORUS系列主流高端主板，接口和散热规格较均衡。",2026-06-06,https://detail.zol.com.cn/series/5/10905826_1.html
主板,X870 Steel Legend WiFi,ASRock,1799-2199,CNY,国内电商参考区间,"华擎X870主板国内常见价位",2024-Q4,"AM5; X870; ATX; DDR5; PCIe 5.0 x16; PCIe 5.0 M.2; Wi-Fi 7","偏性价比的X870主板，适合白色主题和中高端AM5装机。",2026-06-06,https://www.asrock.com.cn/mb/AMD/
主板,TUF Gaming B850-Plus WiFi,ASUS,1499-1899,CNY,国内电商参考区间,"国内B850中端主板常见价位",2025-Q1,"AM5; B850; ATX; DDR5; PCIe 5.0 M.2; Wi-Fi 7","耐用取向B850主板，适合Ryzen 9000/7000主流游戏配置。",2026-06-06,https://www.asus.com.cn/motherboards-components/motherboards/tuf-gaming/
主板,MAG B850 Tomahawk Max WiFi,MSI,1499-1799,CNY,国内电商参考区间,"国内B850战斧导弹常见价位",2025-Q1,"AM5; B850; ATX; DDR5; PCIe 5.0 M.2; Wi-Fi 7","B850平台中高端型号，偏重供电、网络和扩展均衡。",2026-06-06,https://cn.msi.com/Motherboard/MAG-B850-TOMAHAWK-MAX-WIFI
主板,B850 AORUS Elite WiFi7,GIGABYTE,1299-1699,CNY,国内电商参考区间,"技嘉B850主流型号国内常见价位",2025-Q1,"AM5; B850; ATX; DDR5; PCIe 5.0 M.2; Wi-Fi 7","主流AM5 B850主板，适合中端游戏主机。",2026-06-06,https://www.gigabyte.cn/Motherboard/AMD-B850
主板,B850 Steel Legend WiFi,ASRock,1299-1599,CNY,国内电商参考区间,"华擎B850白色主题主板国内常见价位",2025-Q1,"AM5; B850; ATX; DDR5; PCIe 5.0 M.2; Wi-Fi 7","B850白色主题主板，适合主流Ryzen装机。",2026-06-06,https://www.asrock.com.cn/mb/AMD/
主板,ROG Maximus Z890 Hero,ASUS,4999-5999,CNY,国内电商参考区间,"ROG Maximus Z890高端主板国内常见价位",2024-10-24,"LGA1851; Z890; ATX; DDR5; PCIe 5.0; Thunderbolt 4; Wi-Fi 7","Intel Core Ultra 200S高端主板，适合旗舰可超频平台。",2026-06-06,https://rog.asus.com.cn/motherboards/rog-maximus/
主板,ROG Strix Z890-E Gaming WiFi,ASUS,3799-4599,CNY,国内电商参考区间,"ROG Strix Z890-E国内常见价位",2024-10-24,"LGA1851; Z890; ATX; DDR5; PCIe 5.0 x16; Thunderbolt 4; Wi-Fi 7","Intel新平台高端游戏主板。",2026-06-06,https://rog.asus.com.cn/motherboards/rog-strix/
主板,MAG Z890 Tomahawk WiFi,MSI,1999-2499,CNY,国内电商参考区间,"MSI Z890战斧导弹国内常见价位",2024-10-24,"LGA1851; Z890; ATX; DDR5; PCIe 5.0; Wi-Fi 7","面向Arrow Lake平台的中高端Z890主板。",2026-06-06,https://cn.msi.com/Motherboard/MAG-Z890-TOMAHAWK-WIFI
主板,B860 AORUS Elite WiFi7,GIGABYTE,1299-1599,CNY,国内电商参考区间,"Intel B860主流主板国内常见价位",2025-Q1,"LGA1851; B860; ATX; DDR5; PCIe 5.0 M.2; Wi-Fi 7","主流Intel B860主板，适合非超频Core Ultra 200S配置。",2026-06-06,https://www.gigabyte.cn/Motherboard/Intel-B860
主板,TUF Gaming B860-Plus WiFi,ASUS,1399-1699,CNY,国内电商参考区间,"ASUS TUF B860国内常见价位",2025-Q1,"LGA1851; B860; ATX; DDR5; PCIe 5.0 M.2; Wi-Fi 7","面向主流Intel新平台的耐用型B860主板。",2026-06-06,https://www.asus.com.cn/motherboards-components/motherboards/tuf-gaming/
主板,MAG B860 Tomahawk WiFi,MSI,1399-1699,CNY,国内电商参考区间,"MSI B860战斧导弹国内常见价位",2025-Q1,"LGA1851; B860; ATX; DDR5; PCIe 5.0 M.2; Wi-Fi 7","中端Intel B860主板，适合主流Core Ultra游戏配置。",2026-06-06,https://cn.msi.com/Motherboard/MAG-B860-TOMAHAWK-WIFI
内存,光威龙武 DDR5 6000 32GB (16GBx2) CL30,光威,579-699,CNY,京东/历史好价参考,"IT之家记录京东多重优惠579元，日常价699元",未公开,"32GB套装; DDR5-6000; CL30; 海力士M-die; 台式机内存","国产高性价比DDR5 6000 CL30套装，适合AM5游戏配置。",2026-06-06,https://www.ithome.com/0/803/917.htm
内存,阿斯加特 DDR5 6000 32GB CL30,阿斯加特,844-859,CNY,京东活动价参考,"IT中国记录京东原价859元，PLUS到手价844.76元",未公开,"32GB套装; DDR5-6000; CL30; 台式机内存","国产高频低延迟DDR5套装，适合中高端游戏主机。",2026-06-06,https://m.itcn.cc/memory/202507216563.html
内存,金百达星刃 C30 DDR5 6000 32GB (16GBx2),金百达,599-799,CNY,国内电商/产品库参考区间,"太平洋产品库收录京东价格走势，国内活动价常见在该区间",未公开,"32GB套装; DDR5-6000; CL30; RGB/马甲版本按型号不同","国产DDR5 6000 CL30套装，适合追求性价比的游戏配置。",2026-06-06,https://product.pconline.com.cn/memory/kingbank/2092947_price.html
内存,雷克沙Thor雷神之锤 DDR5 6000 32GB CL30,Lexar,649-659,CNY,京东活动价参考,"ZOL行情记录京东活动售价659元，促销约649元",未公开,"32GB套装; DDR5-6000; CL30/CL32按版本; 台式机内存","主流DDR5游戏内存，适合中端平台。",2026-06-06,https://diy.zol.com.cn/942/9424925.html
内存,金士顿FURY Beast DDR5 6000 32GB,Kingston,799-1099,CNY,国内电商参考区间,"品牌溢价高于国产套装，国内常见在售价区间",未公开,"32GB套装; DDR5-6000; XMP/EXPO版本; 低高度散热片","兼容性和高度较友好的主流DDR5游戏内存。",2026-06-06,https://www.kingston.com.cn/
内存,芝奇幻锋戟 Trident Z5 Neo RGB DDR5 6000 32GB CL30,G.SKILL,899-1199,CNY,国内电商参考区间,"高端RGB套装国内常见价位，随颗粒和灯效版本波动",未公开,"32GB套装; DDR5-6000; CL30; AMD EXPO; RGB","面向AMD EXPO平台的高性能内存。",2026-06-06,https://www.gskill.com/
内存,海盗船Vengeance RGB DDR5 6000 32GB CL30,Corsair,899-1199,CNY,国内电商参考区间,"国内品牌套装常见价位，受颗粒和灯效版本影响",未公开,"32GB套装; DDR5-6000; CL30; EXPO/XMP版本; RGB","主流高性能DDR5套装，常用于AM5游戏配置。",2026-06-06,https://www.corsair.com/cn/zh/
内存,英睿达Pro DDR5 5600 32GB,Crucial,599-799,CNY,国内电商参考区间,"稳定型DDR5套装国内常见价位",未公开,"32GB套装; DDR5-5600; JEDEC/XMP; 无RGB; 低调散热片","偏稳定和性价比的DDR5套装，适合办公、开发和主流游戏。",2026-06-06,https://www.crucial.cn/
内存,十铨T-Force Delta RGB DDR5 6000 32GB CL30,TEAMGROUP,699-899,CNY,国内电商参考区间,"主流RGB DDR5套装国内常见价位",未公开,"32GB套装; DDR5-6000; CL30; RGB; XMP/EXPO版本","主流RGB DDR5内存，适合中端游戏装机和灯效主题配置。",2026-06-06,https://www.teamgroupinc.com/cn/
内存,威刚XPG Lancer RGB DDR5 6000 32GB CL30,ADATA XPG,699-899,CNY,国内电商参考区间,"主流RGB DDR5套装国内常见价位",未公开,"32GB套装; DDR5-6000; CL30; RGB; XMP/EXPO版本","中端RGB DDR5套装，适合游戏主机和灯效平台。",2026-06-06,https://www.xpg.com/cn/
CPU,Ryzen 9 7950X3D,AMD,3999-4699,CNY,国内电商参考区间,"上一代X3D旗舰国内盒装/散片常见区间，库存和促销影响较大",2023-02-28,"16核32线程; 最高5.7GHz; 144MB缓存; 120W TDP; AM5; DDR5","上一代高端X3D旗舰，游戏和生产力表现仍有竞争力。",2026-06-06,https://www.amd.com/zh-cn/products/processors/desktops/ryzen.html
CPU,Ryzen 9 7900X3D,AMD,2999-3699,CNY,国内电商参考区间,"国内电商常见库存价区间",2023-02-28,"12核24线程; 最高5.6GHz; 140MB缓存; 120W TDP; AM5; DDR5","12核X3D处理器，适合游戏与多线程混合需求。",2026-06-06,https://www.amd.com/zh-cn/products/processors/desktops/ryzen.html
CPU,Ryzen 9 7950X,AMD,3299-3899,CNY,国内电商参考区间,"上一代Zen 4旗舰国内常见价位",2022-09-27,"16核32线程; 最高5.7GHz; 80MB缓存; 170W TDP; AM5; DDR5","Zen 4旗舰处理器，适合多线程创作和高端桌面。",2026-06-06,https://www.amd.com/zh-cn/products/processors/desktops/ryzen.html
CPU,Ryzen 9 7900X,AMD,2299-2899,CNY,国内电商参考区间,"国内盒装/散片常见价位",2022-09-27,"12核24线程; 最高5.6GHz; 76MB缓存; 170W TDP; AM5; DDR5","Zen 4高端处理器，适合游戏、渲染和编译。",2026-06-06,https://www.amd.com/zh-cn/products/processors/desktops/ryzen.html
CPU,Ryzen 9 7900,AMD,1899-2399,CNY,国内电商参考区间,"65W版本国内常见价位，散片更低",2023-01-10,"12核24线程; 最高5.4GHz; 76MB缓存; 65W TDP; AM5; DDR5","低功耗12核AM5处理器，适合安静型生产力主机。",2026-06-06,https://www.amd.com/zh-cn/products/processors/desktops/ryzen.html
CPU,Ryzen 7 7700X,AMD,1599-1999,CNY,国内电商参考区间,"上一代8核Zen 4常见库存价",2022-09-27,"8核16线程; 最高5.4GHz; 40MB缓存; 105W TDP; AM5; DDR5","中高端Zen 4处理器，适合游戏和通用生产力。",2026-06-06,https://www.amd.com/zh-cn/products/processors/desktops/ryzen.html
CPU,Ryzen 7 7700,AMD,859-1699,CNY,京东/产品库参考价,"ZOL产品页显示京东859元；盒装/套装渠道常见价更高",2023-01-10,"8核16线程; 最高5.3GHz; 40MB缓存; 65W TDP; AM5; DDR5","65W八核AM5处理器，适合中端游戏和小型主机。",2026-06-06,https://detail.zol.com.cn/cpu/index1440586.shtml
CPU,Ryzen 5 7600,AMD,899-1199,CNY,国内电商参考区间,"AM5入门盒装/散片常见价位",2023-01-10,"6核12线程; 最高5.1GHz; 38MB缓存; 65W TDP; AM5; DDR5","入门AM5处理器，适合性价比游戏配置。",2026-06-06,https://www.amd.com/zh-cn/products/processors/desktops/ryzen.html
CPU,Ryzen 5 7500F,AMD,779-849,CNY,京东/产品库参考价,"ZOL装机单显示京东779元，ZOL移动产品页显示849元",2023-07-24,"6核12线程; 最高5.0GHz; 38MB缓存; 65W TDP; AM5; DDR5; 无核显","AM5平台热门入门游戏处理器，常与B650主板搭配。",2026-06-06,https://wap.zol.com.cn/1797/1796349/index.html
CPU,Ryzen 7 5700X3D,AMD,1099-1399,CNY,国内电商参考区间,"AM4升级热门型号，国内盒装/散片价格波动明显",2024-01-31,"8核16线程; 最高4.1GHz; 100MB缓存; 105W TDP; AM4; DDR4","AM4平台游戏升级处理器，适合老平台延寿。",2026-06-06,https://www.amd.com/zh-cn/products/processors/desktops/ryzen.html
CPU,Ryzen 7 5800X3D,AMD,1599-1999,CNY,国内电商参考区间,"AM4老旗舰X3D库存价，供货减少导致波动",2022-04-20,"8核16线程; 最高4.5GHz; 100MB缓存; 105W TDP; AM4; DDR4","AM4平台经典游戏处理器，适合不换平台升级。",2026-06-06,https://www.amd.com/zh-cn/products/processors/desktops/ryzen.html
CPU,Ryzen 7 5700X,AMD,799-999,CNY,国内电商参考区间,"AM4八核处理器常见促销价位",2022-04-04,"8核16线程; 最高4.6GHz; 36MB缓存; 65W TDP; AM4; DDR4","性价比AM4八核处理器，适合旧平台升级和预算装机。",2026-06-06,https://www.amd.com/zh-cn/products/processors/desktops/ryzen.html
CPU,Ryzen 5 5600,AMD,499-699,CNY,国内电商参考区间,"AM4入门主流CPU常见价位",2022-04-04,"6核12线程; 最高4.4GHz; 35MB缓存; 65W TDP; AM4; DDR4","低预算游戏处理器，适合搭配B450/B550主板。",2026-06-06,https://www.amd.com/zh-cn/products/processors/desktops/ryzen.html
CPU,Core Ultra 9 285,Intel,3299-3999,CNY,国内电商参考区间,"非K版Core Ultra 9国内常见价位",2025-Q1,"24核心24线程; LGA1851; DDR5; 非K版","适合非超频高端Intel新平台配置。",2026-06-06,https://www.intel.cn/content/www/cn/zh/products/details/processors/core-ultra.html
CPU,Core Ultra 7 265KF,Intel,1899-2799,CNY,国内电商参考区间,"无核显K版国内价通常低于265K，渠道波动较大",2024-10-24,"20核心20线程; 最高5.5GHz; LGA1851; DDR5; 无核显; 可超频","适合搭配独显的Core Ultra 7可超频平台。",2026-06-06,https://www.intel.cn/content/www/cn/zh/products/details/processors/core-ultra.html
CPU,Core Ultra 5 245KF,Intel,1399-1799,CNY,国内电商参考区间,"无核显K版国内常见价位",2024-10-24,"14核心14线程; 最高5.2GHz; LGA1851; DDR5; 无核显; 可超频","适合独显游戏主机的主流Arrow Lake处理器。",2026-06-06,https://www.intel.cn/content/www/cn/zh/products/details/processors/core-ultra.html
CPU,Core i9-14900KF,Intel,2999-3699,CNY,国内电商参考区间,"无核显第14代旗舰国内常见价位",2023-10-17,"24核心32线程; 最高6.0GHz; LGA1700; DDR5/DDR4; 无核显","适合独显高端LGA1700平台。",2026-06-06,https://www.intel.cn/content/www/cn/zh/products/details/processors/core.html
CPU,Core i7-14700KF,Intel,2299-2999,CNY,国内电商参考区间,"无核显14700K国内常见价位",2023-10-17,"20核心28线程; 最高5.6GHz; LGA1700; DDR5/DDR4; 无核显","第14代高端主流独显平台处理器。",2026-06-06,https://www.intel.cn/content/www/cn/zh/products/details/processors/core.html
CPU,Core i5-14600KF,Intel,1499-1999,CNY,国内电商参考区间,"无核显14600K国内常见价位",2023-10-17,"14核心20线程; 最高5.3GHz; LGA1700; DDR5/DDR4; 无核显","第14代主流游戏处理器，适合中端独显平台。",2026-06-06,https://www.intel.cn/content/www/cn/zh/products/details/processors/core.html
CPU,Core i5-14400F,Intel,1179-1299,CNY,京东/产品库参考价,"ZOL页面显示i5-14400F盒装CPU京东1179元，列表页显示京东1183元",2024-01-08,"10核心16线程; 最高4.7GHz; 20MB缓存; LGA1700; DDR5/DDR4; 无核显","主流办公和游戏处理器，常与B760主板搭配。",2026-06-06,https://detail.zol.com.cn/cpu/index2111489.shtml
CPU,Core i5-14490F,Intel,1299-1499,CNY,京东/产品库参考价,"ZOL页面收录京东在售链接，国内常见盒装价位",2024-Q1,"10核心16线程; 最高约5.0GHz; LGA1700; DDR5/DDR4; 无核显","中国市场特供i5处理器，适合主流独显平台。",2026-06-06,https://detail.zol.com.cn/cpu/index2111489.shtml
CPU,Core i5-14500,Intel,1399-1699,CNY,国内电商参考区间,"第14代非K i5国内常见盒装价位",2024-Q1,"14核心20线程; 最高5.0GHz; LGA1700; DDR5/DDR4","主流生产力和游戏处理器，带核显适合排障和办公。",2026-06-06,https://www.intel.cn/content/www/cn/zh/products/details/processors/core.html
CPU,Core i3-14100F,Intel,499-699,CNY,国内电商参考区间,"第14代入门无核显CPU国内常见价位",2024-Q1,"4核心8线程; 最高4.7GHz; LGA1700; DDR5/DDR4; 无核显","入门独显平台处理器，适合低预算办公和轻度游戏。",2026-06-06,https://www.intel.cn/content/www/cn/zh/products/details/processors/core.html
CPU,Core i9-13900K,Intel,2799-3499,CNY,国内电商参考区间,"第13代旗舰库存价，渠道波动较大",2022-10-20,"24核心32线程; 最高5.8GHz; LGA1700; DDR5/DDR4","上一代旗舰可超频处理器。",2026-06-06,https://www.intel.cn/content/www/cn/zh/products/details/processors/core.html
CPU,Core i7-13700K,Intel,1999-2599,CNY,国内电商参考区间,"第13代高端主流CPU库存价",2022-10-20,"16核心24线程; 最高5.4GHz; LGA1700; DDR5/DDR4","适合中高端LGA1700游戏和生产力配置。",2026-06-06,https://www.intel.cn/content/www/cn/zh/products/details/processors/core.html
CPU,Core i5-13600KF,Intel,1399-1799,CNY,太平洋/国内电商参考区间,"太平洋产品报价收录京东价格走势；早期ZOL记录首发促销2399元，目前库存价更低",2022-10-20,"14核心20线程; 最高5.1GHz; LGA1700; DDR5/DDR4; 无核显","经典高性价比中端游戏处理器。",2026-06-06,https://product.pconline.com.cn/cpu/intel/1647467_price.html
CPU,Core i5-13400F,Intel,899-1199,CNY,国内电商参考区间,"第13代主流无核显CPU国内常见价位",2023-Q1,"10核心16线程; 最高4.6GHz; LGA1700; DDR5/DDR4; 无核显","主流低预算游戏处理器。",2026-06-06,https://www.intel.cn/content/www/cn/zh/products/details/processors/core.html
CPU,Core i5-12400F,Intel,599-799,CNY,国内电商参考区间,"LGA1700入门热门CPU国内常见价位",2022-Q1,"6核心12线程; 最高4.4GHz; LGA1700; DDR5/DDR4; 无核显","低预算独显游戏主机常见选择。",2026-06-06,https://www.intel.cn/content/www/cn/zh/products/details/processors/core.html
显卡,GeForce RTX 5080 16GB 华硕TUF Gaming,ASUS,10999,CNY,京东/产品库参考价,"ZOL RTX 5080系列页收录华硕京东10999元",2025-01-30,"RTX 5080; 16GB GDDR7; DLSS 4; 非公版散热","华硕TUF高端非公版RTX 5080显卡。",2026-06-06,https://detail.zol.com.cn/vga/s11094/new_pic.html
显卡,GeForce RTX 5080 16GB 技嘉Gaming OC,GIGABYTE,12699,CNY,京东/产品库参考价,"ZOL RTX 5080系列页收录技嘉京东12699元",2025-01-30,"RTX 5080; 16GB GDDR7; DLSS 4; 超频非公版","技嘉高端非公版RTX 5080显卡。",2026-06-06,https://detail.zol.com.cn/vga/s11094/new_pic.html
显卡,GeForce RTX 5080 16GB 映众X3,Inno3D,8299,CNY,京东/产品库参考价,"ZOL RTX 5080系列页显示映众8299元起",2025-01-30,"RTX 5080; 16GB GDDR7; DLSS 4; 三风扇","较低价位非公版RTX 5080显卡。",2026-06-06,https://detail.zol.com.cn/vga/s11094/new_pic.html
显卡,GeForce RTX 5070 Ti 16GB 映众X3,Inno3D,7599,CNY,京东/产品库参考价,"ZOL RTX 5070 Ti页面收录映众京东7599元",2025-02-20,"RTX 5070 Ti; 16GB GDDR7; DLSS 4; 三风扇","中高端非公版RTX 5070 Ti显卡。",2026-06-06,https://detail.zol.com.cn/vga/index2118118.shtml
显卡,GeForce RTX 5070 Ti 16GB 技嘉Gaming OC,GIGABYTE,8399,CNY,京东/产品库参考价,"ZOL RTX 5070 Ti页面收录技嘉京东8399元",2025-02-20,"RTX 5070 Ti; 16GB GDDR7; DLSS 4; 超频非公版","技嘉中高端非公版RTX 5070 Ti显卡。",2026-06-06,https://detail.zol.com.cn/vga/index2118118.shtml
显卡,GeForce RTX 5070 12GB 影驰星曜,Galaxy,4575-4799,CNY,国内电商活动价,"值值值收录京东影驰RTX 5070活动价4575.61元及4799元记录",2025-03-05,"RTX 5070; 12GB GDDR7; DLSS 4; 非公版","影驰主流高性能RTX 5070显卡。",2026-06-06,https://www.zhizhizhi.com/n/cuy2t
显卡,GeForce RTX 4070 Ti,NVIDIA AIC,5299-6299,CNY,国内电商参考区间,"RTX 4070 Ti库存价，受品牌和库存影响",2023-01-05,"7680 CUDA核心; 12GB GDDR6X; 192-bit; DLSS 3","上一代中高端Ada显卡，适合高帧率2K游戏。",2026-06-06,https://www.nvidia.cn/geforce/graphics-cards/40-series/
显卡,GeForce RTX 4070,NVIDIA AIC,3799-4599,CNY,国内电商参考区间,"RTX 4070库存价，常见于中高端2K装机",2023-04-13,"5888 CUDA核心; 12GB GDDR6X; 192-bit; DLSS 3","上一代2K游戏显卡，功耗较低。",2026-06-06,https://www.nvidia.cn/geforce/graphics-cards/40-series/
显卡,GeForce RTX 4060 Ti 8GB,NVIDIA AIC,2499-2999,CNY,国内电商参考区间,"8GB版本国内常见价位",2023-05-24,"4352 CUDA核心; 8GB GDDR6; 128-bit; DLSS 3","主流1080p/2K入门显卡。",2026-06-06,https://www.nvidia.cn/geforce/graphics-cards/40-series/
显卡,GeForce RTX 3060 12GB,NVIDIA AIC,1699-2199,CNY,国内电商参考区间,"老款12GB显卡库存/渠道价，品牌差异较大",2021-02-25,"3584 CUDA核心; 12GB GDDR6; 192-bit; PCIe 4.0","经典12GB主流显卡，适合1080p游戏和轻量创作。",2026-06-06,https://www.nvidia.cn/geforce/graphics-cards/30-series/
显卡,GeForce RTX 3050 6GB,NVIDIA AIC,999-1299,CNY,国内电商参考区间,"入门独显国内常见价位",2024-Q1,"2304 CUDA核心; 6GB GDDR6; 96-bit; 低功耗版本","入门独显，适合轻度游戏和多屏办公。",2026-06-06,https://www.nvidia.cn/geforce/graphics-cards/30-series/
显卡,Radeon RX 7900 XT,AMD AIB,5299-6499,CNY,国内电商参考区间,"RDNA 3高端显卡国内库存价",2022-12-13,"84计算单元; 20GB GDDR6; 320-bit; 315W TBP","高端RDNA 3显卡，20GB显存适合高分辨率游戏。",2026-06-06,https://www.amd.com/zh-cn/products/graphics/desktops/radeon.html
显卡,Radeon RX 7800 XT 蓝宝石白金版,Sapphire,3299-3699,CNY,国内电商参考区间,"蓝宝石RX 7800 XT主流非公版常见价位",2023-09-06,"RX 7800 XT; 16GB GDDR6; 256-bit; RDNA 3","主流高性价比2K游戏显卡。",2026-06-06,https://www.sapphiretech.com/zh-cn
显卡,Radeon RX 7700 XT 蓝宝石白金版,Sapphire,2699-3099,CNY,国内电商参考区间,"蓝宝石RX 7700 XT国内常见价位",2023-09-06,"RX 7700 XT; 12GB GDDR6; 192-bit; RDNA 3","面向2K游戏的中端RDNA 3显卡。",2026-06-06,https://www.sapphiretech.com/zh-cn
显卡,Radeon RX 6750 GRE 12GB,AMD AIB,1899-2299,CNY,国内电商参考区间,"中国市场常见性价比型号，国内电商活动价波动明显",2023-Q4,"12GB GDDR6; 192-bit; RDNA 2; PCIe 4.0","面向国内市场的性价比2K/1080p显卡。",2026-06-06,https://www.amd.com/zh-cn/products/graphics/desktops/radeon.html
显卡,Radeon RX 6750 GRE 10GB,AMD AIB,1599-1999,CNY,国内电商参考区间,"10GB版本国内价位低于12GB版",2023-Q4,"10GB GDDR6; RDNA 2; PCIe 4.0","预算型2K/1080p游戏显卡。",2026-06-06,https://www.amd.com/zh-cn/products/graphics/desktops/radeon.html
显卡,Radeon RX 6750 XT,AMD AIB,2099-2599,CNY,国内电商参考区间,"RDNA 2库存价，品牌和成色差异较大",2022-05-10,"40计算单元; 12GB GDDR6; 192-bit; RDNA 2","上一代高性价比2K游戏显卡。",2026-06-06,https://www.amd.com/zh-cn/products/graphics/desktops/radeon.html
显卡,Radeon RX 6650 XT,AMD AIB,1299-1599,CNY,国内电商参考区间,"RDNA 2主流库存价",2022-05-10,"32计算单元; 8GB GDDR6; 128-bit; RDNA 2","低预算1080p游戏显卡。",2026-06-06,https://www.amd.com/zh-cn/products/graphics/desktops/radeon.html
显卡,Radeon RX 6600,AMD AIB,999-1299,CNY,国内电商参考区间,"入门RDNA 2显卡库存价",2021-10-13,"28计算单元; 8GB GDDR6; 128-bit; RDNA 2","入门1080p游戏显卡，功耗较低。",2026-06-06,https://www.amd.com/zh-cn/products/graphics/desktops/radeon.html
显卡,Arc A770 16GB,Intel AIB,1699-2299,CNY,国内电商参考区间,"Intel Arc上一代高配显存型号国内库存价",2022-10-12,"32 Xe核心; 16GB GDDR6; 256-bit; XeSS; PCIe 4.0","大显存Intel独显，适合DX12/Vulkan游戏和视频编解码。",2026-06-06,https://www.intel.cn/content/www/cn/zh/products/details/discrete-gpus/arc.html
显卡,Arc A750 8GB,Intel AIB,1199-1599,CNY,国内电商参考区间,"Arc A750国内库存价",2022-10-12,"28 Xe核心; 8GB GDDR6; 256-bit; XeSS; PCIe 4.0","预算型Intel独显，适合1080p游戏和AV1编解码。",2026-06-06,https://www.intel.cn/content/www/cn/zh/products/details/discrete-gpus/arc.html
显卡,Arc A580 8GB,Intel AIB,999-1299,CNY,国内电商参考区间,"Arc A580国内常见价位",2023-10-10,"24 Xe核心; 8GB GDDR6; 256-bit; XeSS; PCIe 4.0","入门到主流Intel独显。",2026-06-06,https://www.intel.cn/content/www/cn/zh/products/details/discrete-gpus/arc.html
主板,ROG Crosshair X670E Hero,ASUS,3799-4999,CNY,国内电商参考区间,"上一代高端AM5主板国内库存价",2022-Q4,"AM5; X670E; ATX; DDR5; PCIe 5.0; Wi-Fi 6E/7按版本","高端AM5 X670E主板，适合Ryzen 7000/9000旗舰配置。",2026-06-06,https://rog.asus.com.cn/motherboards/rog-crosshair/
主板,ROG Strix X670E-E Gaming WiFi,ASUS,2999-3999,CNY,国内电商参考区间,"ROG Strix X670E主板国内库存价",2022-Q4,"AM5; X670E; ATX; DDR5; PCIe 5.0; Wi-Fi 6E","高端AM5游戏主板，扩展规格完整。",2026-06-06,https://rog.asus.com.cn/motherboards/rog-strix/
主板,PRIME X670-P WiFi,ASUS,1699-2199,CNY,国内电商参考区间,"ASUS主流X670主板国内库存价",2022-Q4,"AM5; X670; ATX; DDR5; PCIe 5.0 M.2; Wi-Fi","主流AM5 X670主板，适合Ryzen高性能平台。",2026-06-06,https://www.asus.com.cn/motherboards-components/motherboards/prime/
主板,TUF Gaming B650-Plus WiFi,ASUS,1199-1499,CNY,国内电商参考区间,"AM5主流B650主板国内常见价位",2022-Q4,"AM5; B650; ATX; DDR5; PCIe 5.0 M.2; Wi-Fi","耐用型B650主板，适合Ryzen 7000/9000主流配置。",2026-06-06,https://www.asus.com.cn/motherboards-components/motherboards/tuf-gaming/
主板,ROG Strix B650E-E Gaming WiFi,ASUS,2199-2999,CNY,国内电商参考区间,"B650E高端主板国内库存价",2022-Q4,"AM5; B650E; ATX; DDR5; PCIe 5.0 x16; PCIe 5.0 M.2; Wi-Fi","高规格B650E游戏主板，适合中高端AM5平台。",2026-06-06,https://rog.asus.com.cn/motherboards/rog-strix/
主板,MAG B650 Tomahawk WiFi,MSI,1199-1499,CNY,国内电商参考区间,"B650战斧导弹国内常见价位",2022-Q4,"AM5; B650; ATX; DDR5; PCIe 4.0/5.0 M.2按版本; Wi-Fi","热门AM5主流主板，适合7500F/7700/7800X3D等配置。",2026-06-06,https://cn.msi.com/Motherboard/MAG-B650-TOMAHAWK-WIFI
主板,MPG B650 Edge WiFi,MSI,1499-1899,CNY,国内电商参考区间,"MSI白色主题B650主板国内常见价位",2022-Q4,"AM5; B650; ATX; DDR5; Wi-Fi; 多M.2","中高端B650主板，适合白色主题AM5装机。",2026-06-06,https://cn.msi.com/Motherboard/MPG-B650-EDGE-WIFI
主板,B650M Mortar WiFi,MSI,999-1299,CNY,国内电商参考区间,"迫击炮B650M国内常见价位",2022-Q4,"AM5; B650; M-ATX; DDR5; Wi-Fi; M.2","热门小板AM5主板，适合紧凑型中端游戏主机。",2026-06-06,https://cn.msi.com/Motherboard/MAG-B650M-MORTAR-WIFI
主板,B650 AORUS Elite AX,GIGABYTE,1199-1499,CNY,国内电商参考区间,"技嘉B650小雕/Elite系列国内常见价位",2022-Q4,"AM5; B650; ATX; DDR5; Wi-Fi 6E; M.2","主流AM5 B650主板，适合中端Ryzen配置。",2026-06-06,https://www.gigabyte.cn/Motherboard/AMD-B650
主板,B650M AORUS Elite AX,GIGABYTE,899-1199,CNY,国内电商参考区间,"技嘉B650M小雕国内常见价位",2022-Q4,"AM5; B650; M-ATX; DDR5; Wi-Fi; M.2","主流M-ATX AM5主板，适合7500F/7600平台。",2026-06-06,https://www.gigabyte.cn/Motherboard/AMD-B650
主板,B650 Steel Legend WiFi,ASRock,999-1399,CNY,国内电商参考区间,"华擎B650钢铁传奇国内常见价位",2022-Q4,"AM5; B650; ATX; DDR5; Wi-Fi; M.2","白色风格B650主板，适合性价比AM5装机。",2026-06-06,https://www.asrock.com.cn/mb/AMD/
主板,B650M Pro RS WiFi,ASRock,799-1099,CNY,国内电商参考区间,"华擎B650M Pro RS国内常见价位",2022-Q4,"AM5; B650; M-ATX; DDR5; Wi-Fi; M.2","性价比AM5小板，适合预算型Ryzen平台。",2026-06-06,https://www.asrock.com.cn/mb/AMD/
主板,ROG Maximus Z790 Hero,ASUS,3999-4999,CNY,国内电商参考区间,"上一代ROG Z790高端主板库存价",2022-Q4,"LGA1700; Z790; ATX; DDR5; PCIe 5.0; Thunderbolt; Wi-Fi","LGA1700高端可超频主板。",2026-06-06,https://rog.asus.com.cn/motherboards/rog-maximus/
主板,ROG Strix Z790-A Gaming WiFi D4,ASUS,1999-2699,CNY,国内电商参考区间,"DDR4版Z790主板国内库存价",2022-Q4,"LGA1700; Z790; ATX; DDR4; PCIe 5.0; Wi-Fi","适合沿用DDR4内存的高端LGA1700平台。",2026-06-06,https://rog.asus.com.cn/motherboards/rog-strix/
主板,TUF Gaming Z790-Plus WiFi,ASUS,1799-2299,CNY,国内电商参考区间,"TUF Z790国内常见库存价",2022-Q4,"LGA1700; Z790; ATX; DDR5/DDR4按版本; PCIe 5.0; Wi-Fi","中高端LGA1700可超频主板。",2026-06-06,https://www.asus.com.cn/motherboards-components/motherboards/tuf-gaming/
主板,MAG Z790 Tomahawk WiFi,MSI,1699-2199,CNY,国内电商参考区间,"Z790战斧导弹国内库存价",2022-Q4,"LGA1700; Z790; ATX; DDR5/DDR4按版本; Wi-Fi","热门LGA1700中高端主板，适合13/14代K系列CPU。",2026-06-06,https://cn.msi.com/Motherboard/MAG-Z790-TOMAHAWK-WIFI
主板,PRO Z790-A WiFi,MSI,1399-1799,CNY,国内电商参考区间,"MSI PRO Z790国内常见价位",2022-Q4,"LGA1700; Z790; ATX; DDR5/DDR4按版本; Wi-Fi","实用取向Z790主板，适合生产力和游戏配置。",2026-06-06,https://cn.msi.com/Motherboard/PRO-Z790-A-WIFI
主板,Z790 AORUS Elite AX,GIGABYTE,1499-1999,CNY,国内电商参考区间,"技嘉Z790 Elite AX国内库存价",2022-Q4,"LGA1700; Z790; ATX; DDR5; PCIe 5.0; Wi-Fi 6E","成熟LGA1700平台主板，适合第13/14代酷睿。",2026-06-06,https://www.gigabyte.cn/Motherboard/Intel-Z790
主板,B760M Mortar WiFi II,MSI,999-1299,CNY,国内电商参考区间,"B760M迫击炮二代国内常见价位",2023-Q1,"LGA1700; B760; M-ATX; DDR5/DDR4按版本; Wi-Fi","热门Intel主流小板，常与13400F/14400F搭配。",2026-06-06,https://cn.msi.com/Motherboard/MAG-B760M-MORTAR-WIFI-II
主板,TUF Gaming B760M-Plus WiFi D4,ASUS,899-1199,CNY,国内电商参考区间,"DDR4版B760M国内常见价位",2023-Q1,"LGA1700; B760; M-ATX; DDR4; Wi-Fi; M.2","适合低成本沿用DDR4内存的Intel平台。",2026-06-06,https://www.asus.com.cn/motherboards-components/motherboards/tuf-gaming/
主板,B760M AORUS Elite AX,GIGABYTE,899-1199,CNY,国内电商参考区间,"技嘉B760M小雕国内常见价位",2023-Q1,"LGA1700; B760; M-ATX; DDR5/DDR4按版本; Wi-Fi","主流Intel小板，适合i5非K处理器。",2026-06-06,https://www.gigabyte.cn/Motherboard/Intel-B760
主板,B760M Steel Legend WiFi,ASRock,799-1099,CNY,国内电商参考区间,"华擎B760M钢铁传奇国内常见价位",2023-Q1,"LGA1700; B760; M-ATX; DDR5; Wi-Fi; M.2","白色风格Intel主流小板。",2026-06-06,https://www.asrock.com.cn/mb/Intel/
主板,H610M-HDV/M.2,ASRock,399-599,CNY,国内电商参考区间,"入门LGA1700主板国内常见价位",2022-Q1,"LGA1700; H610; M-ATX; DDR4; M.2","低预算Intel平台主板，适合i3/i5非K。",2026-06-06,https://www.asrock.com.cn/mb/Intel/
内存,光威天策 DDR5 6000 32GB (16GBx2) CL30,光威,599-799,CNY,国内电商参考区间,"国产DDR5 6000 CL30套装常见价位",未公开,"32GB套装; DDR5-6000; CL30; XMP/EXPO版本","国产主流高性价比DDR5内存。",2026-06-06,https://www.ithome.com/0/803/917.htm
内存,光威神策 DDR5 6400 32GB (16GBx2),光威,699-899,CNY,国内电商参考区间,"高频国产DDR5套装常见价位",未公开,"32GB套装; DDR5-6400; RGB/马甲版本按型号不同","面向中高端游戏主机的国产高频DDR5内存。",2026-06-06,https://www.gloway.com/
内存,金百达银爵 DDR5 6000 32GB (16GBx2),金百达,499-699,CNY,国内电商参考区间,"金百达入门到主流DDR5套装常见价位",未公开,"32GB套装; DDR5-6000; CL30/CL36按版本; 无RGB","性价比DDR5内存，适合预算型AM5/Intel DDR5平台。",2026-06-06,https://product.pconline.com.cn/memory/kingbank/
内存,金百达刃 DDR5 6800 32GB (16GBx2),金百达,699-899,CNY,国内电商参考区间,"高频国产DDR5套装常见价位",未公开,"32GB套装; DDR5-6800; XMP; RGB/马甲版本按型号不同","适合Intel平台的高频DDR5内存。",2026-06-06,https://product.pconline.com.cn/memory/kingbank/
内存,玖合星舞 DDR5 6000 32GB (16GBx2) CL30,玖合,499-699,CNY,国内电商参考区间,"国产DDR5套装活动价常见区间",未公开,"32GB套装; DDR5-6000; CL30; XMP/EXPO版本","低价DDR5 6000套装，适合预算型游戏主机。",2026-06-06,https://detail.zol.com.cn/memory/
内存,宏碁掠夺者 Vesta II DDR5 6000 32GB CL30,Acer Predator,699-899,CNY,国内电商参考区间,"掠夺者DDR5主流套装国内常见价位",未公开,"32GB套装; DDR5-6000; CL30; RGB; XMP/EXPO版本","主流游戏内存套装，适合AM5和Intel DDR5平台。",2026-06-06,https://www.predatorstorage.com/
内存,宏碁掠夺者 Hermes冰刃 DDR5 6800 32GB,Acer Predator,799-1099,CNY,国内电商参考区间,"高频RGB DDR5套装国内常见价位",未公开,"32GB套装; DDR5-6800; RGB; XMP版本","面向高频Intel平台和灯效主机的DDR5内存。",2026-06-06,https://www.predatorstorage.com/
内存,海力士原厂 DDR5 5600 32GB (16GBx2),SK hynix,499-699,CNY,国内电商参考区间,"原厂条/普条国内常见价位，渠道差异较大",未公开,"32GB套装; DDR5-5600; JEDEC; 无马甲","稳定型DDR5普条，适合办公和兼容性优先配置。",2026-06-06,https://www.skhynix.com/
内存,三星原厂 DDR5 5600 32GB (16GBx2),Samsung,499-699,CNY,国内电商参考区间,"原厂条/普条国内常见价位，渠道差异较大",未公开,"32GB套装; DDR5-5600; JEDEC; 无马甲","稳定型DDR5普条，适合办公和兼容性优先配置。",2026-06-06,https://semiconductor.samsung.com/cn/dram/module/
内存,英睿达Pro Overclocking DDR5 6000 32GB,Crucial,699-899,CNY,国内电商参考区间,"Crucial超频系列国内常见价位",未公开,"32GB套装; DDR5-6000; CL36; XMP/EXPO版本; 无RGB","主流品牌超频DDR5套装。",2026-06-06,https://www.crucial.cn/
内存,金士顿FURY Renegade DDR5 7200 32GB,Kingston,1099-1499,CNY,国内电商参考区间,"金士顿高频DDR5套装国内常见价位",未公开,"32GB套装; DDR5-7200; XMP; RGB/无RGB版本","高频DDR5内存，适合Intel Z790/Z890平台。",2026-06-06,https://www.kingston.com.cn/
内存,芝奇皇家戟 Trident Z5 Royal DDR5 7200 32GB,G.SKILL,1399-1999,CNY,国内电商参考区间,"芝奇高端外观套装国内常见价位",未公开,"32GB套装; DDR5-7200; XMP; RGB; 镜面散热片","高端DDR5灯效内存，适合展示型主机。",2026-06-06,https://www.gskill.com/
内存,海盗船Dominator Titanium DDR5 7200 48GB,Corsair,1799-2499,CNY,国内电商参考区间,"海盗船高端大容量DDR5套装国内常见价位",2023-Q3,"48GB套装; DDR5-7200; CL34; XMP; RGB","高端DDR5内存套装，适合高频平台和创作。",2026-06-06,https://www.corsair.com/cn/zh/
内存,十铨T-Create Expert DDR5 6000 64GB,TEAMGROUP,1199-1599,CNY,国内电商参考区间,"创作者大容量DDR5套装国内常见价位",未公开,"64GB套装; DDR5-6000; 无RGB; 创作者系列","面向创作和工作站的稳定型大容量DDR5套装。",2026-06-06,https://www.teamgroupinc.com/cn/
内存,威刚XPG Lancer Blade DDR5 6400 32GB,ADATA XPG,699-999,CNY,国内电商参考区间,"低矮高频DDR5套装国内常见价位",未公开,"32GB套装; DDR5-6400; 低高度; XMP/EXPO版本","适合小机箱和大型风冷散热器的DDR5内存。",2026-06-06,https://www.xpg.com/cn/
内存,佰维悟空DX100 DDR5 6000 32GB,Biwin,499-699,CNY,国内电商参考区间,"国产DDR5套装常见活动价位",未公开,"32GB套装; DDR5-6000; XMP/EXPO版本","国产性价比DDR5内存，适合主流游戏装机。",2026-06-06,https://www.biwintech.com/
显卡,七彩虹iGame GeForce RTX 5070 Vulcan X OC 12GB,七彩虹,7299,CNY,ZOL系列参考价,"ZOL七彩虹RTX 5070系列参考报价5549-7299元，Vulcan X OC为系列高端型号",2025-03-05,"RTX 5070; 12GB GDDR7; 192bit; DLSS 4; iGame Vulcan散热/屏幕版本","七彩虹iGame高端RTX 5070非公版，面向高端2K游戏主机。",2026-06-06,https://detail.zol.com.cn/series/6/10925636_1.html
显卡,七彩虹iGame GeForce RTX 5070 Vulcan W OC 12GB,七彩虹,6999,CNY,ZOL系列参考价,"ZOL七彩虹RTX 5070系列参考报价5549-7299元，白色Vulcan版本按高端价位整理",2025-03-05,"RTX 5070; 12GB GDDR7; 192bit; DLSS 4; 白色高端非公版","白色主题高端RTX 5070显卡，适合白色海景房装机。",2026-06-06,https://detail.zol.com.cn/series/6/10925636_1.html
显卡,七彩虹iGame GeForce RTX 5070 Advanced OC 12GB,七彩虹,6349,CNY,ZOL/京东参考价,"ZOL单品页显示参考报价6349元，京东6349元",2025-03-05,"RTX 5070; 12GB GDDR7; 192bit; Boost约2512MHz; DLSS 4","七彩虹Advanced系列RTX 5070，星环RGB外观。",2026-06-06,https://detail.zol.com.cn/vga/index2162856.shtml
显卡,七彩虹iGame GeForce RTX 5070 Ultra W OC 12GB,七彩虹,6049-6649,CNY,ZOL系列参考价,"ZOL七彩虹RTX 5070系列页显示京东6649元，Ultra W按中高端型号区间整理",2025-03-05,"RTX 5070; 12GB GDDR7; 192bit; DLSS 4; 白色三风扇","七彩虹Ultra W白色RTX 5070，适合白色主题主机。",2026-06-06,https://detail.zol.com.cn/series/6/10925636_1.html
显卡,七彩虹战斧 GeForce RTX 5070 豪华版 12GB V2,七彩虹,5449,CNY,ZOL/京东参考价,"ZOL单品页显示参考报价5449元，京东5449元，经销商4717元起",2025-03-05,"RTX 5070; 12GB GDDR7; 192bit; DLSS 4; 战斧系列三风扇","七彩虹战斧系列RTX 5070，定位相对入门的非公版。",2026-06-06,https://detail.zol.com.cn/vga/index2162879.shtml
显卡,七彩虹iGame GeForce RTX 5070 Ultra W Classic OC 12GB,七彩虹,5999-6499,CNY,ZOL系列参考区间,"ZOL七彩虹RTX 5070系列共17款，按Ultra W Classic中高端定位整理",2025-03-05,"RTX 5070; 12GB GDDR7; 192bit; DLSS 4; 白色经典版","七彩虹白色经典外观RTX 5070非公版。",2026-06-06,https://detail.zol.com.cn/series/6/10925636_1.html
显卡,七彩虹iGame GeForce RTX 5060 Ti Ultra W OC 16GB,七彩虹,4799,CNY,ZOL/京东参考价,"ZOL七彩虹RTX 5060 Ti 16GB系列显示京东4799元，参考报价4699-5299元",2025-04-16,"RTX 5060 Ti; 16GB GDDR7; 128bit; DLSS 4; 白色三风扇","七彩虹Ultra W 16GB主流显卡，适合白色主题2K入门配置。",2026-06-06,https://detail.zol.com.cn/series/6/10914822_1.html
显卡,七彩虹iGame GeForce RTX 5060 Ti Advanced OC 16GB,七彩虹,4999-5299,CNY,ZOL系列参考区间,"ZOL七彩虹RTX 5060 Ti 16GB系列参考报价4699-5299元",2025-04-16,"RTX 5060 Ti; 16GB GDDR7; 128bit; DLSS 4; Advanced散热","七彩虹Advanced系列16GB RTX 5060 Ti，偏高端主流定位。",2026-06-06,https://detail.zol.com.cn/series/6/10914822_1.html
显卡,七彩虹战斧 GeForce RTX 5060 Ti 豪华版 16GB,七彩虹,4699,CNY,ZOL系列参考价,"ZOL七彩虹RTX 5060 Ti 16GB系列参考报价4699元起",2025-04-16,"RTX 5060 Ti; 16GB GDDR7; 128bit; DLSS 4; 战斧散热","七彩虹战斧16GB RTX 5060 Ti，定位主流装机。",2026-06-06,https://detail.zol.com.cn/series/6/10914822_1.html
显卡,影驰GeForce RTX 5070 星曜 OC 12GB,影驰,4799-5799,CNY,国内电商/系列参考区间,"值值值收录影驰RTX 5070京东活动价4575.61元，星曜OC按影驰中高端型号区间整理",2025-03-05,"RTX 5070; 12GB GDDR7; 192bit; DLSS 4; 星曜白色散热","影驰星曜白色RTX 5070，适合2K高刷游戏。",2026-06-06,https://www.zhizhizhi.com/n/cuy2t
显卡,影驰GeForce RTX 5070 金属大师 OC 12GB,影驰,4899-5499,CNY,国内电商参考区间,"影驰RTX 5070国内活动价和非公版常见价位整理",2025-03-05,"RTX 5070; 12GB GDDR7; 192bit; DLSS 4; 金属散热外壳","影驰金属大师RTX 5070，偏实用散热和金属外观。",2026-06-06,https://www.zhizhizhi.com/n/cuy2t
显卡,影驰GeForce RTX 5070 追风 OC 12GB,影驰,4599-5199,CNY,国内电商参考区间,"按影驰RTX 5070国内活动价和入门非公价位整理",2025-03-05,"RTX 5070; 12GB GDDR7; 192bit; DLSS 4","影驰追风系列RTX 5070，定位相对入门。",2026-06-06,https://www.zhizhizhi.com/n/cuy2t
显卡,影驰GeForce RTX 5060 Ti 星曜 OC 16GB,影驰,3699-4299,CNY,ZOL/国内电商参考区间,"影驰RTX 5060 Ti系列国内京东价参考，16GB版本按高于8GB整理",2025-04-16,"RTX 5060 Ti; 16GB GDDR7; 128bit; DLSS 4","影驰星曜16GB RTX 5060 Ti，适合白色中端游戏主机。",2026-06-06,https://detail.zol.com.cn/series/6/10913599_1.html
显卡,影驰GeForce RTX 5060 Ti 8GB 金属大师,影驰,3349,CNY,ZOL/京东参考价,"ZOL影驰RTX 5060 Ti 8GB系列显示京东3349元",2025-04-16,"RTX 5060 Ti; 8GB GDDR7; 128bit; DLSS 4","影驰8GB RTX 5060 Ti主流型号，适合1080p游戏。",2026-06-06,https://detail.zol.com.cn/series/6/10913599_1.html
显卡,索泰GeForce RTX 5070 Ti 16GB XGAMING,索泰,6299,CNY,ZOL列表参考价,"ZOL显卡列表页显示索泰RTX 5070 Ti 16GB XGAMING为6299元",2025-02-20,"RTX 5070 Ti; 16GB GDDR7; 256bit; 显存频率28000MHz; DLSS 4","索泰XGAMING系列RTX 5070 Ti，定位中高端。",2026-06-06,https://detail.zol.com.cn/vga/pic.html
显卡,索泰GeForce RTX 5070 Ti 16GB XGAMING OC,索泰,6599,CNY,ZOL列表参考价,"ZOL显卡列表页显示索泰RTX 5070 Ti 16GB XGAMING OC为6599元",2025-02-20,"RTX 5070 Ti; 16GB GDDR7; 256bit; DLSS 4; OC版本","索泰XGAMING OC RTX 5070 Ti，适合高画质2K/4K游戏。",2026-06-06,https://detail.zol.com.cn/vga/pic.html
显卡,索泰GeForce RTX 5070 Ti 16GB SOLID CORE OC WHITE,索泰,7499,CNY,ZOL/京东参考价,"ZOL显卡列表页显示该型号京东7499元",2025-02-20,"RTX 5070 Ti; 16GB GDDR7; 256bit; 核心频率2482MHz; 三风扇","索泰白色SOLID CORE OC RTX 5070 Ti，适合白色高端装机。",2026-06-06,https://detail.zol.com.cn/vga/pic.html
显卡,索泰GeForce RTX 5070 Ti 16GB 天启 OC,索泰,8099,CNY,ZOL列表参考价,"ZOL显卡列表页显示索泰RTX 5070 Ti天启OC为8099元",2025-02-20,"RTX 5070 Ti; 16GB GDDR7; 256bit; DLSS 4; 天启散热","索泰天启系列中高端RTX 5070 Ti显卡。",2026-06-06,https://detail.zol.com.cn/vga/pic.html
显卡,索泰GeForce RTX 5070 Ti 16GB AMP EXTREME INFINITY,索泰,7999,CNY,ZOL列表参考价,"ZOL显卡列表页显示索泰AMP EXTREME INFINITY为7999元",2025-02-20,"RTX 5070 Ti; 16GB GDDR7; 256bit; DLSS 4; AMP高端散热","索泰AMP高端RTX 5070 Ti非公版。",2026-06-06,https://detail.zol.com.cn/vga/pic.html
显卡,映众GeForce RTX 5070 Ti X3 16GB,映众,7599,CNY,ZOL/京东参考价,"ZOL映众RTX 5070 Ti系列显示京东7599元，参考报价6899-8299元",2025-02-20,"RTX 5070 Ti; 16GB GDDR7; 256bit; 核心频率2482MHz; DLSS 4","映众X3系列RTX 5070 Ti，三风扇散热。",2026-06-06,https://detail.zol.com.cn/series/6/10910546_1.html
显卡,映众GeForce RTX 5070 Ti X3 OC 16GB,映众,7899-8299,CNY,ZOL系列参考区间,"ZOL映众RTX 5070 Ti系列参考报价6899-8299元",2025-02-20,"RTX 5070 Ti; 16GB GDDR7; 256bit; DLSS 4; OC版本","映众X3 OC中高端RTX 5070 Ti显卡。",2026-06-06,https://detail.zol.com.cn/series/6/10910546_1.html
显卡,映众GeForce RTX 5080 X3 16GB,映众,8299,CNY,ZOL/京东参考价,"ZOL RTX 5080系列页显示映众8299元起",2025-01-30,"RTX 5080; 16GB GDDR7; 256bit; DLSS 4; 三风扇","映众相对入门价位RTX 5080非公版。",2026-06-06,https://detail.zol.com.cn/vga/s11094/new_pic.html
显卡,耕升GeForce RTX 5070 追风 OC 12GB,耕升,6074,CNY,ZOL/京东参考价,"ZOL单品页显示参考报价6074元，京东6074元，经销商4759元",2025-03-05,"RTX 5070; 12GB GDDR7; 192bit; 核心频率2527MHz; DLSS 4","耕升追风OC RTX 5070，定位主流非公版。",2026-06-06,https://detail.zol.com.cn/vga/index2124336.shtml
显卡,耕升GeForce RTX 5070 踏雪 OC 12GB,耕升,5799,CNY,ZOL系列参考价,"ZOL耕升RTX 5070追风OC页面列出踏雪OC参考价5799元",2025-03-05,"RTX 5070; 12GB GDDR7; 192bit; DLSS 4; 白色非公版","耕升踏雪OC RTX 5070，适合白色主题装机。",2026-06-06,https://detail.zol.com.cn/vga/index2124336.shtml
显卡,耕升GeForce RTX 5070 炫光 OC 12GB,耕升,6599,CNY,ZOL系列参考价,"ZOL耕升RTX 5070页面列出炫光OC参考价6599元",2025-03-05,"RTX 5070; 12GB GDDR7; 192bit; DLSS 4; RGB散热","耕升炫光OC RTX 5070，偏灯效和高端外观。",2026-06-06,https://detail.zol.com.cn/vga/index2124336.shtml
显卡,铭瑄GeForce RTX 5070 iCraft OC 12GB,铭瑄,4999-5799,CNY,国内电商参考区间,"铭瑄RTX 5070国内非公版常见区间，按中国渠道价整理",2025-03-05,"RTX 5070; 12GB GDDR7; 192bit; DLSS 4; iCraft系列","铭瑄电竞之心RTX 5070，国产品牌中高端非公版。",2026-06-06,https://www.maxsun.com.cn/
显卡,铭瑄GeForce RTX 5070 终结者 OC 12GB,铭瑄,4699-5299,CNY,国内电商参考区间,"铭瑄RTX 5070入门/主流非公版国内常见区间",2025-03-05,"RTX 5070; 12GB GDDR7; 192bit; DLSS 4","铭瑄终结者RTX 5070，主流价位非公版。",2026-06-06,https://www.maxsun.com.cn/
显卡,铭瑄GeForce RTX 5060 Ti iCraft OC 16GB,铭瑄,3299-3899,CNY,国内电商参考区间,"铭瑄RTX 5060 Ti 16GB国内常见价位",2025-04-16,"RTX 5060 Ti; 16GB GDDR7; 128bit; DLSS 4","铭瑄电竞之心16GB RTX 5060 Ti。",2026-06-06,https://www.maxsun.com.cn/
显卡,铭瑄GeForce RTX 5060 Ti 终结者 8GB,铭瑄,2699-3199,CNY,国内电商参考区间,"铭瑄RTX 5060 Ti 8GB国内常见价位",2025-04-16,"RTX 5060 Ti; 8GB GDDR7; 128bit; DLSS 4","铭瑄终结者8GB RTX 5060 Ti，定位主流1080p。",2026-06-06,https://www.maxsun.com.cn/
显卡,翔升GeForce RTX 5070 战神 12GB,翔升,4599-5299,CNY,国内电商参考区间,"翔升RTX 5070国内渠道常见价位",2025-03-05,"RTX 5070; 12GB GDDR7; 192bit; DLSS 4","翔升战神RTX 5070，国产渠道常见型号。",2026-06-06,https://www.asl.com.cn/
显卡,翔升GeForce RTX 5060 Ti 金刚 16GB,翔升,3199-3699,CNY,国内电商参考区间,"翔升RTX 5060 Ti 16GB国内渠道常见价位",2025-04-16,"RTX 5060 Ti; 16GB GDDR7; 128bit; DLSS 4","翔升金刚16GB RTX 5060 Ti，主流游戏显卡。",2026-06-06,https://www.asl.com.cn/
显卡,技嘉GeForce RTX 5070 Ti Eagle OC SFF 16G 猎鹰,技嘉,7999,CNY,ZOL/京东参考价,"ZOL单品页显示参考报价7999元，京东7999元",2025-02-20,"RTX 5070 Ti; 16GB GDDR7; 256bit; CUDA 8960; 显存频率28000MHz","技嘉猎鹰SFF RTX 5070 Ti，支持紧凑型装机规格。",2026-06-06,https://detail.zol.com.cn/vga/index2121251.shtml
显卡,技嘉GeForce RTX 5070 Ti Gaming OC 16G,技嘉,8399,CNY,ZOL/京东参考价,"ZOL技嘉RTX 5070 Ti系列显示京东8399元，参考报价6299-8999元",2025-02-20,"RTX 5070 Ti; 16GB GDDR7; 256bit; DLSS 4; Gaming OC散热","技嘉Gaming OC RTX 5070 Ti，中高端非公版。",2026-06-06,https://detail.zol.com.cn/series/6/10910497_1.html
显卡,技嘉AORUS GeForce RTX 5070 Ti Master 16G,技嘉,8999,CNY,ZOL系列参考价,"ZOL技嘉RTX 5070 Ti系列参考报价最高8999元，AORUS Master按旗舰型号整理",2025-02-20,"RTX 5070 Ti; 16GB GDDR7; 256bit; DLSS 4; AORUS高端散热","技嘉AORUS高端RTX 5070 Ti显卡。",2026-06-06,https://detail.zol.com.cn/series/6/10910497_1.html
显卡,技嘉GeForce RTX 5060 Ti WINDFORCE 16G,技嘉,3599,CNY,ZOL列表参考价,"ZOL显卡列表页列出技嘉RTX 5060 Ti WINDFORCE 16G为3599元",2025-04-16,"RTX 5060 Ti; 16GB GDDR7; 128bit; DLSS 4; 风之力散热","技嘉入门价位16GB RTX 5060 Ti。",2026-06-06,https://detail.zol.com.cn/vga/pic.html
显卡,技嘉GeForce RTX 5060 Ti EAGLE OC 16G,技嘉,3859,CNY,ZOL列表参考价,"ZOL显卡列表页列出技嘉RTX 5060 Ti EAGLE OC 16G为3859元",2025-04-16,"RTX 5060 Ti; 16GB GDDR7; 128bit; DLSS 4; EAGLE OC","技嘉猎鹰OC 16GB RTX 5060 Ti。",2026-06-06,https://detail.zol.com.cn/vga/pic.html
显卡,技嘉GeForce RTX 5060 Ti EAGLE OC ICE 16G,技嘉,3899,CNY,ZOL列表参考价,"ZOL显卡列表页列出技嘉RTX 5060 Ti EAGLE OC ICE 16G为3899元",2025-04-16,"RTX 5060 Ti; 16GB GDDR7; 128bit; DLSS 4; 白色EAGLE OC","技嘉白色猎鹰OC 16GB RTX 5060 Ti。",2026-06-06,https://detail.zol.com.cn/vga/pic.html
显卡,技嘉GeForce RTX 5060 Ti GAMING OC 16G,技嘉,4499,CNY,ZOL/京东参考价,"ZOL显卡列表页显示该型号京东4499元",2025-04-16,"RTX 5060 Ti; 16GB GDDR7; 128bit; DLSS 4; Gaming OC三风扇","技嘉Gaming OC 16GB RTX 5060 Ti，定位主流偏高端。",2026-06-06,https://detail.zol.com.cn/vga/pic.html
显卡,技嘉AORUS GeForce RTX 5060 Ti ELITE 16G,技嘉,4399,CNY,ZOL列表参考价,"ZOL显卡列表页列出技嘉AORUS RTX 5060 Ti ELITE 16G为4399元",2025-04-16,"RTX 5060 Ti; 16GB GDDR7; 128bit; DLSS 4; AORUS散热","技嘉AORUS ELITE 16GB RTX 5060 Ti。",2026-06-06,https://detail.zol.com.cn/vga/pic.html
显卡,微星GeForce RTX 5060 Ti Gaming Trio 16G,MSI,3499-3599,CNY,ZOL/京东参考价,"ZOL微星RTX 5060 Ti系列显示参考报价3199-3599元，京东3499元",2025-04-16,"RTX 5060 Ti; 16GB/8GB按版本; GDDR7; DLSS 4; Gaming散热","微星Gaming系列RTX 5060 Ti，适合主流游戏主机。",2026-06-06,https://detail.zol.com.cn/series/6/10914810_1.html
显卡,微星GeForce RTX 5060 Ti Ventus 2X 16G,MSI,3199-3499,CNY,ZOL系列参考区间,"ZOL微星RTX 5060 Ti系列参考报价3199-3599元",2025-04-16,"RTX 5060 Ti; 16GB GDDR7; 128bit; DLSS 4; 双风扇","微星万图师双风扇RTX 5060 Ti，适合紧凑机箱。",2026-06-06,https://detail.zol.com.cn/series/6/10914810_1.html
显卡,微星GeForce RTX 5070 Gaming Trio 12G,MSI,5499-6299,CNY,国内电商参考区间,"微星RTX 5070国内非公版常见价位整理",2025-03-05,"RTX 5070; 12GB GDDR7; 192bit; DLSS 4","微星Gaming Trio RTX 5070，三风扇中高端非公版。",2026-06-06,https://cn.msi.com/Graphics-Cards
显卡,华硕TUF Gaming GeForce RTX 5080 16GB,ASUS,10999,CNY,ZOL/京东参考价,"ZOL RTX 5080系列页收录华硕京东10999元",2025-01-30,"RTX 5080; 16GB GDDR7; 256bit; DLSS 4; TUF散热","华硕TUF高端RTX 5080非公版。",2026-06-06,https://detail.zol.com.cn/vga/s11094/new_pic.html
显卡,华硕ROG Astral GeForce RTX 5080 16GB,ASUS,12699-14999,CNY,国内电商参考区间,"华硕ROG Astral系列国内高端RTX 5080常见价位",2025-01-30,"RTX 5080; 16GB GDDR7; DLSS 4; ROG高端散热","华硕ROG高端RTX 5080显卡，面向旗舰游戏装机。",2026-06-06,https://www.asus.com.cn/motherboards-components/graphics-cards/
显卡,华硕Prime GeForce RTX 5070 12GB,ASUS,4999-5799,CNY,国内电商参考区间,"华硕RTX 5070国内非公版常见价位整理",2025-03-05,"RTX 5070; 12GB GDDR7; DLSS 4; Prime系列","华硕Prime系列RTX 5070，定位主流非公版。",2026-06-06,https://www.asus.com.cn/motherboards-components/graphics-cards/
显卡,华硕Dual GeForce RTX 5060 Ti 16GB,ASUS,3499-4099,CNY,国内电商参考区间,"华硕Dual RTX 5060 Ti 16GB国内常见价位",2025-04-16,"RTX 5060 Ti; 16GB GDDR7; DLSS 4; 双风扇","华硕Dual双风扇16GB RTX 5060 Ti。",2026-06-06,https://www.asus.com.cn/motherboards-components/graphics-cards/
显卡,蓝宝石PULSE 脉动 RX 9070 XT 16G D6,蓝宝石,5649,CNY,ZOL/京东参考价,"ZOL蓝宝石RX 9070 XT列表显示PULSE脉动京东5649元，参考价4999元",2025-03-06,"RX 9070 XT; 16GB GDDR6; 256bit; 核心频率2400-2970MHz; 三风扇","蓝宝石脉动RX 9070 XT，主流高端A卡。",2026-06-06,https://detail.zol.com.cn/vga/sapphire/s11098/pic.html
显卡,蓝宝石NITRO 氮动 RX 9070 XT 16G D6 OC,蓝宝石,6199,CNY,ZOL/京东参考价,"ZOL单品页显示参考报价6199元，京东6199元",2025-03-06,"RX 9070 XT; 16GB GDDR6; 256bit; 核心频率2520-3060MHz; RDNA 4","蓝宝石NITRO高端RX 9070 XT，散热和做工定位较高。",2026-06-06,https://detail.zol.com.cn/vga/index2126095.shtml
显卡,蓝宝石PURE 极地 RX 9070 XT 16G D6 OC,蓝宝石,5699,CNY,ZOL/京东参考价,"ZOL单品页显示参考报价5699元，京东5699元",2025-03-06,"RX 9070 XT; 16GB GDDR6; 256bit; RDNA 4; 白色三风扇","蓝宝石PURE极地白色RX 9070 XT，适合白色高端A卡装机。",2026-06-06,https://detail.zol.com.cn/vga/index2126096.shtml
显卡,蓝宝石METAL 合金脉动 RX 9070 XT 16G D6,蓝宝石,5699,CNY,ZOL/京东参考价,"ZOL比价页显示当地参考价5699元，京东平台方店铺5699元",2025-03-06,"RX 9070 XT; 16GB GDDR6; 256bit; RDNA 4; 合金脉动散热","蓝宝石合金脉动RX 9070 XT，偏主流高端定位。",2026-06-06,https://detail.zol.com.cn/2124/2123462/price.shtml
显卡,蓝宝石PURE 极地 RX 9070 16G D6 OC,蓝宝石,5249,CNY,ZOL/京东参考价,"ZOL蓝宝石RX 9070系列显示京东5249元，参考报价4499-5699元",2025-03-06,"RX 9070; 16GB GDDR6; 256bit; 核心频率2210-2700MHz; RDNA 4","蓝宝石RX 9070白色非公版，适合高画质2K游戏。",2026-06-06,https://detail.zol.com.cn/series/6/10912664_1.html
显卡,瀚铠Radeon RX 9070 XT 超合金PRO,瀚铠,5599,CNY,ZOL/京东参考价,"ZOL单品页显示参考报价5599元，京东5599元",2025-03-06,"RX 9070 XT; 16GB GDDR6; 256bit; RDNA 4; ARGB散热","瀚铠超合金PRO RX 9070 XT，国内A卡热门非公版。",2026-06-06,https://detail.zol.com.cn/vga/index2141540.shtml
显卡,瀚铠Radeon RX 9070 XT 超合金ULTRA 升级版,瀚铠,5199-5799,CNY,ZOL/京东参考价,"ZOL比价页显示当地参考价5199元，京东5799元",2025-03-06,"RX 9070 XT; 16GB GDDR6; 256bit; RDNA 4; ULTRA散热","瀚铠超合金ULTRA升级版RX 9070 XT，偏高端散热。",2026-06-06,https://detail.zol.com.cn/2155/2154940/price.shtml
显卡,瀚铠Radeon RX 9070 XT 合金,瀚铠,4749-5499,CNY,ZOL系列参考区间,"ZOL瀚铠RX 9070 XT系列参考报价4749-6199元，合金为系列入门型号",2025-03-06,"RX 9070 XT; 16GB GDDR6; 256bit; RDNA 4","瀚铠合金系列RX 9070 XT，定位入门高端A卡。",2026-06-06,https://detail.zol.com.cn/series/6/10911232_1.html
显卡,瀚铠Radeon RX 9070 XT 超合金 白色,瀚铠,5399-5799,CNY,ZOL系列参考区间,"ZOL瀚铠RX 9070 XT系列显示京东5799元，白色超合金按中高端区间整理",2025-03-06,"RX 9070 XT; 16GB GDDR6; 256bit; RDNA 4; 白色三风扇","瀚铠白色超合金RX 9070 XT，适合白色主题A卡装机。",2026-06-06,https://detail.zol.com.cn/series/6/10911232_1.html
显卡,瀚铠Radeon RX 9070 星空 16GB,瀚铠,4299-4999,CNY,国内电商参考区间,"按瀚铠RX 9070国内渠道价位整理",2025-03-06,"RX 9070; 16GB GDDR6; 256bit; RDNA 4","瀚铠RX 9070系列非公版，适合2K高画质游戏。",2026-06-06,https://detail.zol.com.cn/series/6/10911232_1.html
显卡,迪兰Radeon RX 9070 XT 战神 16G,迪兰,4999-5799,CNY,国内电商参考区间,"迪兰RX 9070 XT国内非公版常见价位",2025-03-06,"RX 9070 XT; 16GB GDDR6; 256bit; RDNA 4","迪兰战神RX 9070 XT，国内常见A卡品牌型号。",2026-06-06,https://www.dataland.com.cn/
显卡,迪兰Radeon RX 9070 XT 恒金 16G,迪兰,5299-5999,CNY,国内电商参考区间,"迪兰RX 9070 XT高端非公版国内常见价位",2025-03-06,"RX 9070 XT; 16GB GDDR6; 256bit; RDNA 4","迪兰恒金系列RX 9070 XT，高端A卡非公版。",2026-06-06,https://www.dataland.com.cn/
显卡,迪兰Radeon RX 9070 战神 16G,迪兰,4299-4999,CNY,国内电商参考区间,"迪兰RX 9070国内渠道常见价位",2025-03-06,"RX 9070; 16GB GDDR6; 256bit; RDNA 4","迪兰RX 9070非公版，适合2K高画质游戏。",2026-06-06,https://www.dataland.com.cn/
显卡,华擎Radeon RX 9070 XT Steel Legend 16GB,华擎,4999-5799,CNY,国内电商参考区间,"华擎RX 9070 XT国内非公版常见价位",2025-03-06,"RX 9070 XT; 16GB GDDR6; 256bit; RDNA 4; Steel Legend白色","华擎钢铁传奇RX 9070 XT，适合白色主题平台。",2026-06-06,https://www.asrock.com.cn/Graphics-Card/
显卡,华擎Radeon RX 9070 XT Challenger 16GB,华擎,4699-5299,CNY,国内电商参考区间,"华擎RX 9070 XT挑战者国内常见价位",2025-03-06,"RX 9070 XT; 16GB GDDR6; 256bit; RDNA 4","华擎挑战者RX 9070 XT，定位相对入门。",2026-06-06,https://www.asrock.com.cn/Graphics-Card/
显卡,华擎Radeon RX 9060 XT Steel Legend 16GB,华擎,2699-3299,CNY,国内电商参考区间,"华擎RX 9060 XT 16GB国内常见价位",2025-06-05,"RX 9060 XT; 16GB GDDR6; 128bit; RDNA 4","华擎钢铁传奇RX 9060 XT，主流16GB A卡。",2026-06-06,https://www.asrock.com.cn/Graphics-Card/
显卡,蓝宝石PULSE 脉动 RX 7800 XT 16G D6,蓝宝石,3299-3799,CNY,国内电商参考区间,"蓝宝石RX 7800 XT国内库存和活动价常见区间",2023-09-06,"RX 7800 XT; 16GB GDDR6; 256bit; RDNA 3","蓝宝石脉动RX 7800 XT，高性价比2K游戏显卡。",2026-06-06,https://www.sapphiretech.com/zh-cn
显卡,蓝宝石PURE 极地 RX 7800 XT 16G D6,蓝宝石,3499-3999,CNY,国内电商参考区间,"蓝宝石RX 7800 XT白色版国内常见价位",2023-09-06,"RX 7800 XT; 16GB GDDR6; 256bit; RDNA 3; 白色外观","蓝宝石PURE极地RX 7800 XT，适合白色主题装机。",2026-06-06,https://www.sapphiretech.com/zh-cn
显卡,蓝宝石PULSE 脉动 RX 7700 XT 12G D6,蓝宝石,2699-3199,CNY,国内电商参考区间,"蓝宝石RX 7700 XT国内库存价常见区间",2023-09-06,"RX 7700 XT; 12GB GDDR6; 192bit; RDNA 3","蓝宝石脉动RX 7700 XT，中端2K显卡。",2026-06-06,https://www.sapphiretech.com/zh-cn
显卡,蓝宝石PULSE 脉动 RX 7600 XT 16G D6,蓝宝石,1999-2499,CNY,国内电商参考区间,"蓝宝石RX 7600 XT国内主流价位",2024-01-24,"RX 7600 XT; 16GB GDDR6; 128bit; RDNA 3","蓝宝石16GB RX 7600 XT，适合1080p高画质。",2026-06-06,https://www.sapphiretech.com/zh-cn
显卡,瀚铠Radeon RX 7800 XT 合金 16GB,瀚铠,3199-3699,CNY,国内电商参考区间,"瀚铠RX 7800 XT国内常见活动价位",2023-09-06,"RX 7800 XT; 16GB GDDR6; 256bit; RDNA 3","瀚铠合金RX 7800 XT，性价比2K显卡。",2026-06-06,https://www.vastarmor.com/
显卡,瀚铠Radeon RX 7700 XT 合金 12GB,瀚铠,2499-2999,CNY,国内电商参考区间,"瀚铠RX 7700 XT国内常见价位",2023-09-06,"RX 7700 XT; 12GB GDDR6; 192bit; RDNA 3","瀚铠合金RX 7700 XT，中端A卡。",2026-06-06,https://www.vastarmor.com/
主板,铭瑄 MS-终结者 B760M D4,铭瑄,659-899,CNY,ZOL/京东/淘宝参考价,"ZOL比价页显示当地参考价899元，京东719元，淘宝/经销商659-699元",2023-Q1,"Intel B760; LGA1700; Micro ATX; 4×DDR4; 8+1+1相供电; M.2","铭瑄B760M DDR4主流低价板，适合12400F/13400F/14400F。",2026-06-06,https://detail.zol.com.cn/1442/1441185/price.shtml
主板,铭瑄 MS-终结者 B760M D4 WIFI,铭瑄,769-999,CNY,ZOL/京东参考价,"ZOL B760 WiFi列表显示京东769元，型号参考价999元",2023-Q1,"Intel B760; LGA1700; Micro ATX; 4×DDR4; Wi-Fi; 3×M.2","带Wi-Fi的铭瑄B760M DDR4主板，适合预算型Intel平台。",2026-06-06,https://detail.zol.com.cn/motherboard/s10084_s8117/pic.html
主板,铭瑄 MS-终结者 B760M D5,铭瑄,739-829,CNY,ZOL/京东参考价,"ZOL比价页显示当地参考价829元，京东甄选739元",2023-Q1,"Intel B760; LGA1700; Micro ATX; DDR5; M.2","铭瑄B760M DDR5入门板，适合DDR5低预算平台。",2026-06-06,https://detail.zol.com.cn/1930/1929696/price.shtml
主板,铭瑄 MS-挑战者 B760M,铭瑄,629-749,CNY,ZOL系列参考价,"ZOL铭瑄B760系列页显示挑战者B760M参考价749元，挑战者B760M-F为629元",2023-Q1,"Intel B760; LGA1700; Micro ATX; DDR4/DDR5按版本","铭瑄挑战者系列B760M，定位低价Intel主流平台。",2026-06-06,https://detail.zol.com.cn/motherboard/index1795307.shtml
主板,铭瑄 MS-iCraft B760M WIFI,铭瑄,899-1199,CNY,ZOL系列参考区间,"ZOL铭瑄B760系列共33款，iCraft为系列中高端型号",2023-Q1,"Intel B760; LGA1700; Micro ATX; DDR5/DDR4按版本; Wi-Fi","铭瑄电竞之心B760M，面向中端游戏主机。",2026-06-06,https://detail.zol.com.cn/motherboard/index1795307.shtml
主板,精粤 B760M GAMING D4,精粤,389-434,CNY,ZOL/天猫参考价,"ZOL对比页显示精粤B760M GAMING D4参考价434元，天猫389元",2023-Q1,"Intel B760; LGA1700; Micro ATX; 2×DDR4; 8+1+1相供电","国内低价B760M主板，适合极限预算Intel装机。",2026-06-06,https://detail.zol.com.cn/pk/1441184_1654621.shtml
主板,华硕 TUF GAMING B760M-PLUS WIFI D4 重炮手,ASUS,1229,CNY,ZOL/京东参考价,"ZOL B760 WiFi列表显示京东1229元",2023-Q1,"Intel B760; LGA1700; Micro ATX; DDR4; Wi-Fi; TUF供电散热","华硕重炮手B760M DDR4，国内装机常见主板。",2026-06-06,https://detail.zol.com.cn/motherboard/s10084_s8117/pic.html
主板,华硕 TUF GAMING B760M-PLUS WIFI II 重炮手,ASUS,1299-1499,CNY,国内电商参考区间,"华硕B760M重炮手二代国内常见价位",2024-Q1,"Intel B760; LGA1700; Micro ATX; DDR5/DDR4按版本; Wi-Fi","华硕TUF B760M二代主板，适合14代酷睿主流配置。",2026-06-06,https://www.asus.com.cn/motherboards-components/motherboards/tuf-gaming/
主板,微星 MAG B760M MORTAR WIFI II 迫击炮,MSI,1099-1399,CNY,国内电商参考区间,"微星B760M迫击炮二代国内常见价位",2024-Q1,"Intel B760; LGA1700; Micro ATX; DDR5/DDR4按版本; Wi-Fi; 2.5G网卡","热门Intel中端小板，适合i5/i7非K和部分K系列。",2026-06-06,https://cn.msi.com/Motherboard/MAG-B760M-MORTAR-WIFI-II
主板,微星 PRO B760M-A WIFI DDR4,MSI,799-999,CNY,国内电商参考区间,"微星PRO B760M-A WIFI DDR4国内常见价位",2023-Q1,"Intel B760; LGA1700; Micro ATX; DDR4; Wi-Fi","微星实用型B760M DDR4主板，适合办公和主流游戏。",2026-06-06,https://cn.msi.com/Motherboard/PRO-B760M-A-WIFI-DDR4
主板,技嘉 B760M AORUS ELITE AX 小雕,技嘉,899-1199,CNY,国内电商参考区间,"技嘉B760M小雕国内常见价位",2023-Q1,"Intel B760; LGA1700; Micro ATX; DDR5/DDR4按版本; Wi-Fi","技嘉B760M小雕，适合主流Intel游戏配置。",2026-06-06,https://www.gigabyte.cn/Motherboard/Intel-B760
主板,技嘉 B760M GAMING X AX,技嘉,799-1099,CNY,国内电商参考区间,"技嘉B760M GAMING X国内常见价位",2023-Q1,"Intel B760; LGA1700; Micro ATX; DDR5/DDR4按版本; Wi-Fi","技嘉主流B760M游戏主板。",2026-06-06,https://www.gigabyte.cn/Motherboard/Intel-B760
主板,华擎 B760M-H/M.2 D5,华擎,599-799,CNY,国内电商参考区间,"华擎B760M入门DDR5板国内常见价位，ZOL行情曾记录京东674元",2023-Q1,"Intel B760; LGA1700; Micro ATX; DDR5; M.2","华擎入门B760M DDR5主板，适合低预算Intel DDR5平台。",2026-06-06,https://www.asrock.com.cn/mb/Intel/
主板,华擎 B760M Steel Legend WiFi,华擎,799-1099,CNY,国内电商参考区间,"华擎B760M钢铁传奇国内常见价位",2023-Q1,"Intel B760; LGA1700; Micro ATX; DDR5; Wi-Fi","白色风格B760M主板，适合白色Intel平台。",2026-06-06,https://www.asrock.com.cn/mb/Intel/
主板,技嘉 B650M H,技嘉,579-629,CNY,ZOL/京东参考价,"ZOL B650M列表显示技嘉B650M H京东579元，参考价629元",2022-Q4,"AMD B650; AM5; Micro ATX; 2×DDR5; 1×M.2","技嘉入门B650M主板，适合7500F低预算AM5装机。",2026-06-06,https://detail.zol.com.cn/motherboard/s10121_s1280/pic.html
主板,技嘉 B650M GAMING WIFI,技嘉,749,CNY,ZOL系列参考价,"ZOL B650M列表显示技嘉B650M GAMING WIFI参考价749元",2022-Q4,"AMD B650; AM5; Micro ATX; DDR5; Wi-Fi","技嘉低价Wi-Fi B650M主板，适合主流AM5配置。",2026-06-06,https://detail.zol.com.cn/motherboard/s10121_s1280/pic.html
主板,技嘉 B650M AORUS ELITE AX ICE 冰雕,技嘉,1299,CNY,ZOL系列参考价,"ZOL B650M列表显示B650M AORUS ELITE AX ICE冰雕参考价1299元",2022-Q4,"AMD B650; AM5; Micro ATX; DDR5; Wi-Fi; 白色冰雕外观","技嘉B650M冰雕小雕，适合白色AM5主机。",2026-06-06,https://detail.zol.com.cn/motherboard/s10121_s1280/pic.html
主板,技嘉 B650M DS3H,技嘉,629-1039,CNY,ZOL/淘宝参考价,"ZOL单品页显示参考价1039元，淘宝629元，经销商485-883元",2022-Q4,"AMD B650; AM5; Micro ATX; DDR5; M.2","技嘉B650M入门主板，适合预算型AM5平台。",2026-06-06,https://detail.zol.com.cn/motherboard/index2106569.shtml
主板,华硕 TUF GAMING B650M-E WIFI,ASUS,999,CNY,ZOL/京东参考价,"ZOL B650M列表显示华硕TUF GAMING B650M-E WIFI京东999元",2022-Q4,"AMD B650; AM5; Micro ATX; DDR5; Wi-Fi","华硕TUF B650M-E WiFi，国内主流AM5小板。",2026-06-06,https://detail.zol.com.cn/motherboard/s10121_s1280/pic.html
主板,华硕 TUF GAMING B650M-PLUS WIFI,ASUS,1499,CNY,ZOL系列参考价,"ZOL B650M列表显示华硕TUF GAMING B650M-PLUS WIFI参考价1499元",2022-Q4,"AMD B650; AM5; Micro ATX; DDR5; Wi-Fi; TUF供电散热","华硕B650M重炮手Wi-Fi版，适合中端AM5游戏配置。",2026-06-06,https://detail.zol.com.cn/motherboard/s10121_s1280/pic.html
主板,微星 MAG B650M MORTAR WIFI 迫击炮,MSI,999-1299,CNY,国内电商参考区间,"B650M迫击炮国内常见价位",2022-Q4,"AMD B650; AM5; Micro ATX; DDR5; Wi-Fi; 2.5G网卡","热门AM5 M-ATX主板，适合7500F/7800X3D平台。",2026-06-06,https://cn.msi.com/Motherboard/MAG-B650M-MORTAR-WIFI
主板,微星 PRO B650M-A WIFI,MSI,849-1099,CNY,国内电商参考区间,"微星PRO B650M-A WIFI国内常见价位",2022-Q4,"AMD B650; AM5; Micro ATX; DDR5; Wi-Fi","实用型AM5 B650M主板，适合主流游戏和办公配置。",2026-06-06,https://cn.msi.com/Motherboard/PRO-B650M-A-WIFI
主板,华擎 B650M PG Riptide,华擎,1049-1499,CNY,ZOL/京东参考价,"ZOL单品页显示参考价1499元，京东1049元，经销商1295元",2022-Q4,"AMD B650; AM5; Micro ATX; 4×DDR5; M.2","华擎PG Riptide B650M，适合中端AM5装机。",2026-06-06,https://detail.zol.com.cn/motherboard/index1430777.shtml
主板,蓝宝石 PULSE 脉动 B650M WIFI,蓝宝石,799-899,CNY,ZOL/京东参考价,"ZOL单品页显示参考价899元，京东799元，经销商799元",2024-Q4,"AMD B650; AM5; Micro ATX; DDR5; Wi-Fi 6; 7+2+1相供电","蓝宝石脉动B650M WIFI，国产渠道热门高性价比AM5主板。",2026-06-06,https://detail.zol.com.cn/motherboard/index2113441.shtml
主板,蓝宝石 PURE 极地 B650M WIFI,蓝宝石,899-1099,CNY,ZOL系列参考区间,"ZOL蓝宝石B650系列共5款，PURE极地按中高端白色版本整理",2024-Q4,"AMD B650; AM5; Micro ATX; DDR5; Wi-Fi; 白色外观","蓝宝石PURE极地B650M WIFI，适合白色AM5主机。",2026-06-06,https://detail.zol.com.cn/motherboard/index2113441.shtml
主板,蓝宝石 NITRO 氮动 B650M WIFI,蓝宝石,969-1199,CNY,ZOL行情/系列参考价,"ZOL蓝宝石B650M行情曾记录NITRO氮动B650M WIFI云南969元",2024-Q4,"AMD B650; AM5; Micro ATX; DDR5; Wi-Fi; NITRO系列","蓝宝石NITRO氮动B650M WIFI，定位较高的国产A系主板。",2026-06-06,https://detail.zol.com.cn/motherboard/index2113441.shtml
主板,铭瑄 MS-挑战者 B650M,铭瑄,599,CNY,ZOL/京东参考价,"ZOL单品页显示铭瑄MS-挑战者B650M京东599元",2024-Q1,"AMD B650; AM5; Micro ATX; DDR5; M.2","铭瑄低价B650M主板，适合7500F/7600低预算AM5平台。",2026-06-06,https://detail.zol.com.cn/motherboard/index1950009.shtml
主板,铭瑄 MS-挑战者 B650M WiFi,铭瑄,699-799,CNY,ZOL系列参考区间,"ZOL铭瑄B650系列页显示挑战者B650M WiFi为系列型号，按国内渠道价整理",2024-Q1,"AMD B650; AM5; Micro ATX; DDR5; Wi-Fi","铭瑄带Wi-Fi低价B650M主板。",2026-06-06,https://detail.zol.com.cn/motherboard/index1950009.shtml
主板,铭瑄 MS-终结者 B650M WIFI6,铭瑄,799-999,CNY,ZOL系列参考区间,"ZOL铭瑄B650系列页列出终结者B650M WIFI6，按国内渠道价整理",2024-Q1,"AMD B650; AM5; Micro ATX; DDR5; Wi-Fi 6","铭瑄终结者B650M WIFI6，适合主流AM5游戏装机。",2026-06-06,https://detail.zol.com.cn/motherboard/index1950009.shtml
主板,铭瑄 MS-eSport B650ITX WIFI ICE,铭瑄,999-1299,CNY,ZOL系列参考区间,"ZOL铭瑄B650系列列出eSport B650ITX WIFI ICE，按ITX型号国内价整理",2024-Q1,"AMD B650; AM5; Mini-ITX; DDR5; Wi-Fi; 白色外观","铭瑄白色ITX B650主板，适合小型AM5主机。",2026-06-06,https://detail.zol.com.cn/motherboard/index1950009.shtml
主板,华擎 A620M-HDV/M.2,华擎,499-699,CNY,国内电商参考区间,"入门AM5 A620M主板国内常见价位",2023-Q2,"AMD A620; AM5; Micro ATX; DDR5; M.2","低预算AM5入门主板，适合7500F/7600等低功耗CPU。",2026-06-06,https://www.asrock.com.cn/mb/AMD/
主板,华硕 PRIME A620M-K,ASUS,599-799,CNY,国内电商参考区间,"华硕A620M入门主板国内常见价位",2023-Q2,"AMD A620; AM5; Micro ATX; DDR5; M.2","华硕入门AM5主板，适合低预算办公和轻度游戏。",2026-06-06,https://www.asus.com.cn/motherboards-components/motherboards/prime/
主板,技嘉 A620M S2H,技嘉,499-699,CNY,国内电商参考区间,"技嘉A620M入门主板国内常见价位",2023-Q2,"AMD A620; AM5; Micro ATX; DDR5; M.2","技嘉入门AM5主板。",2026-06-06,https://www.gigabyte.cn/Motherboard/AMD-A620
主板,微星 PRO A620M-E,MSI,499-699,CNY,国内电商参考区间,"微星A620M入门主板国内常见价位",2023-Q2,"AMD A620; AM5; Micro ATX; DDR5; M.2","微星入门AM5主板，适合低预算Ryzen配置。",2026-06-06,https://cn.msi.com/Motherboard/PRO-A620M-E
内存,金百达 黑刃 DDR5 6800 32GB (16GBx2) C34,金百达,699-899,CNY,国内电商参考区间,"国产高频DDR5套装国内活动价区间",未公开,"32GB套装; DDR5-6800; C34; XMP; 散热马甲","金百达高频DDR5内存，适合Intel平台调校。",2026-06-06,https://product.pconline.com.cn/memory/kingbank/
内存,金百达 白刃 RGB DDR5 6800 32GB (16GBx2),金百达,799-999,CNY,国内电商参考区间,"国产白色RGB高频DDR5套装国内常见价位",未公开,"32GB套装; DDR5-6800; RGB; 白色散热片","白色RGB DDR5套装，适合白色主题主机。",2026-06-06,https://product.pconline.com.cn/memory/kingbank/
内存,光威 龙武 DDR5 6400 32GB (16GBx2) CL32,光威,699-899,CNY,国内电商参考区间,"光威龙武高频版本国内常见价位",未公开,"32GB套装; DDR5-6400; CL32; XMP/EXPO版本","国产高频低延迟DDR5套装。",2026-06-06,https://www.gloway.com/
内存,光威 弈Pro DDR5 6000 32GB (16GBx2),光威,499-699,CNY,国内电商参考区间,"光威DDR5入门/主流套装国内常见价位",未公开,"32GB套装; DDR5-6000; XMP/EXPO版本","光威主流DDR5内存，适合预算型装机。",2026-06-06,https://www.gloway.com/
内存,阿斯加特 女武神 DDR5 6400 32GB (16GBx2),阿斯加特,699-999,CNY,国内电商参考区间,"阿斯加特高频DDR5套装国内常见价位",未公开,"32GB套装; DDR5-6400; RGB/白色版本按型号不同","阿斯加特女武神系列DDR5内存，适合高频游戏配置。",2026-06-06,https://www.asgardmemory.com/
内存,阿斯加特 博拉琪 DDR5 6800 32GB (16GBx2),阿斯加特,799-1099,CNY,国内电商参考区间,"阿斯加特中高端DDR5套装国内常见价位",未公开,"32GB套装; DDR5-6800; XMP; RGB","中高端国产DDR5套装，适合Intel高频平台。",2026-06-06,https://www.asgardmemory.com/
内存,玖合 星域 DDR5 6400 32GB (16GBx2),玖合,499-699,CNY,国内电商参考区间,"玖合DDR5 6400套装国内活动价常见区间",未公开,"32GB套装; DDR5-6400; XMP; 散热马甲","低价高频国产DDR5内存。",2026-06-06,https://detail.zol.com.cn/memory/
内存,枭鲸 DDR5 6000 32GB (16GBx2),枭鲸,399-599,CNY,国内电商参考区间,"国内低价DDR5套装常见活动价位",未公开,"32GB套装; DDR5-6000; XMP/EXPO版本","低预算DDR5套装，适合入门装机。",2026-06-06,https://detail.zol.com.cn/memory/
内存,酷兽 夜枭 DDR5 6000 32GB (16GBx2),酷兽,399-599,CNY,国内电商参考区间,"酷兽DDR5套装国内低价活动区间",未公开,"32GB套装; DDR5-6000; XMP/EXPO版本","国产低价DDR5内存，适合预算型平台。",2026-06-06,https://detail.zol.com.cn/memory/
内存,台电 腾龙 DDR5 6000 32GB (16GBx2),台电,399-599,CNY,国内电商参考区间,"台电DDR5套装国内常见价位",未公开,"32GB套装; DDR5-6000; XMP/EXPO版本","国产主流DDR5内存，适合办公和游戏装机。",2026-06-06,https://www.teclast.com/
内存,长鑫颗粒 DDR5 5600 32GB (16GBx2) 普条,国产颗粒品牌,399-599,CNY,国内电商参考区间,"国产颗粒DDR5普条国内常见价位，品牌和渠道差异较大",未公开,"32GB套装; DDR5-5600; JEDEC; 无马甲","国产颗粒DDR5普条，适合稳定优先和低预算配置。",2026-06-06,https://detail.zol.com.cn/memory/
内存,宏碁掠夺者 Vesta II 炫光星舰 DDR5 6400 32GB,Acer Predator,799-1099,CNY,国内电商参考区间,"掠夺者DDR5 6400 RGB套装国内常见价位",未公开,"32GB套装; DDR5-6400; RGB; XMP","宏碁掠夺者中高端RGB DDR5套装。",2026-06-06,https://www.predatorstorage.com/
内存,佰维 悟空 DX100 RGB DDR5 6400 32GB,Biwin,599-799,CNY,国内电商参考区间,"佰维悟空高频DDR5套装国内常见价位",未公开,"32GB套装; DDR5-6400; RGB; XMP","国产高频DDR5 RGB内存。",2026-06-06,https://www.biwintech.com/
内存,朗科 绝影 DDR5 6000 32GB (16GBx2),Netac,499-699,CNY,国内电商参考区间,"朗科DDR5套装国内常见活动价位",未公开,"32GB套装; DDR5-6000; XMP/EXPO版本","朗科主流DDR5内存，适合中端装机。",2026-06-06,https://www.netac.com.cn/
内存,朗科 绝影 RGB DDR5 6800 32GB (16GBx2),Netac,699-999,CNY,国内电商参考区间,"朗科高频RGB DDR5套装国内常见价位",未公开,"32GB套装; DDR5-6800; RGB; XMP","朗科高频RGB DDR5套装，适合Intel高频平台。",2026-06-06,https://www.netac.com.cn/
显卡,七彩虹 iGame GeForce RTX 5090 D Vulcan OC 32GB 火神,七彩虹,23499,CNY,京东上架价,"IT之家记录该型号京东上架定价23499元",2025-01-30,"RTX 5090 D; 32GB GDDR7; 高端火神散热; LCD智屏; DLSS 4","七彩虹火神RTX 5090D，中国市场旗舰显卡。",2026-06-06,https://www.ithome.com/0/828/105.htm
显卡,七彩虹 iGame GeForce RTX 5090 D Advanced OC 32GB,七彩虹,19999-21999,CNY,国内电商参考区间,"按七彩虹RTX 5090D国内非公版定位和京东价位整理",2025-01-30,"RTX 5090 D; 32GB GDDR7; Advanced散热; DLSS 4","七彩虹Advanced系列RTX 5090D，定位低于火神。",2026-06-06,https://www.colorful.cn/
显卡,七彩虹 iGame GeForce RTX 5090 D Neptune OC 32GB 水神,七彩虹,25999-28999,CNY,国内电商参考区间,"水冷旗舰型号按国内高端渠道价位整理",2025-01-30,"RTX 5090 D; 32GB GDDR7; 一体式水冷; DLSS 4","七彩虹水神RTX 5090D，面向极限高端装机。",2026-06-06,https://www.colorful.cn/
显卡,七彩虹 iGame GeForce RTX 5080 Vulcan OC 16GB 火神,七彩虹,11939-11999,CNY,京东/好价参考,"值值值记录京东预售价11999元，新浪科技记录京东秒杀11939元",2025-01-30,"RTX 5080; 16GB GDDR7; 火神LCD智屏; DLSS 4","七彩虹火神RTX 5080，高端非公版显卡。",2026-06-06,https://www.zhizhizhi.com/n/ayl1h
显卡,七彩虹 iGame GeForce RTX 5080 Vulcan W OC 16GB 白火神,七彩虹,12999,CNY,京东/天猫上市价,"ZOL/IT之家记录该型号京东、天猫等渠道开售，售价12999元",2025-04-21,"RTX 5080; 16GB GDDR7; 白色火神; LCD智屏; DLSS 4","七彩虹白火神RTX 5080，白色旗舰非公版。",2026-06-06,https://diy.zol.com.cn/976/9764276.html
显卡,七彩虹 iGame GeForce RTX 5080 Advanced OC 16GB,七彩虹,9999-10999,CNY,国内电商参考区间,"按七彩虹RTX 5080 Advanced国内渠道价位整理",2025-01-30,"RTX 5080; 16GB GDDR7; Advanced散热; DLSS 4","七彩虹Advanced系列RTX 5080，中高端非公版。",2026-06-06,https://www.colorful.cn/
显卡,七彩虹 iGame GeForce RTX 5080 Ultra W OC 16GB,七彩虹,9499-10499,CNY,国内电商参考区间,"按七彩虹RTX 5080 Ultra W国内渠道价位整理",2025-01-30,"RTX 5080; 16GB GDDR7; 白色Ultra散热; DLSS 4","七彩虹Ultra W RTX 5080，白色中高端非公版。",2026-06-06,https://www.colorful.cn/
显卡,七彩虹 战斧 GeForce RTX 5080 豪华版 16GB,七彩虹,8299-9299,CNY,国内电商参考区间,"按七彩虹战斧RTX 5080国内低位非公版价位整理",2025-01-30,"RTX 5080; 16GB GDDR7; 战斧三风扇; DLSS 4","七彩虹战斧RTX 5080，定位相对入门的5080非公版。",2026-06-06,https://www.colorful.cn/
显卡,索泰 GeForce RTX 5080 16GB 天启 OC,索泰,10699,CNY,京东上市价,"IT之家记录索泰RTX 5080天启OC上架京东，售价10699元",2025-Q2,"RTX 5080; 16GB GDDR7; 天启系列ARGB; DLSS 4","索泰天启OC RTX 5080，国内高端非公版。",2026-06-06,https://www.ithome.com/0/844/088.htm
显卡,索泰 GeForce RTX 5080 16GB AMP EXTREME INFINITY,索泰,9699,CNY,京东上架价,"IT之家记录该型号京东上架定价9699元",2025-02-01,"RTX 5080; 16GB GDDR7; AMP EXTREME; 无限镜设计; DLSS 4","索泰AMP高端RTX 5080，定位仅次于PGF。",2026-06-06,https://www.ithome.com/0/828/214.htm
显卡,索泰 GeForce RTX 5080 16GB SOLID OC,索泰,8999-9999,CNY,国内电商参考区间,"按索泰RTX 5080 SOLID系列国内渠道价位整理",2025-01-30,"RTX 5080; 16GB GDDR7; SOLID三风扇; DLSS 4","索泰SOLID OC RTX 5080，实用型高端非公版。",2026-06-06,https://www.zotac.com/cn/
显卡,索泰 GeForce RTX 5080 16GB X-GAMING OC,索泰,8999-9699,CNY,国内电商参考区间,"按索泰X-GAMING RTX 5080国内渠道价位整理",2025-01-30,"RTX 5080; 16GB GDDR7; X-GAMING外观; DLSS 4","索泰X-GAMING RTX 5080，中高端非公版。",2026-06-06,https://www.zotac.com/cn/
显卡,影驰 GeForce RTX 5080 星曜 NOX OC 16GB,影驰,9499-10999,CNY,太平洋/国内电商参考区间,"太平洋产品库收录该型号京东价格页，按国内渠道价位整理",2025-01-30,"RTX 5080; 16GB GDDR7; 星曜NOX白色外观; DLSS 4","影驰星曜NOX RTX 5080，白色高端非公版。",2026-06-06,https://product.pconline.com.cn/vga/galaxy/2700299_price.html
显卡,影驰 GeForce RTX 5080 金属大师 OC 16GB,影驰,8999-9999,CNY,国内电商参考区间,"按影驰RTX 5080金属大师国内渠道价位整理",2025-01-30,"RTX 5080; 16GB GDDR7; 金属大师散热; DLSS 4","影驰金属大师RTX 5080，偏实用高端非公版。",2026-06-06,https://www.szgalaxy.com/
显卡,影驰 GeForce RTX 5080 追风 OC 16GB,影驰,8499-9299,CNY,国内电商参考区间,"按影驰RTX 5080追风系列国内渠道价位整理",2025-01-30,"RTX 5080; 16GB GDDR7; DLSS 4","影驰追风RTX 5080，定位相对入门的高端显卡。",2026-06-06,https://www.szgalaxy.com/
显卡,影驰 GeForce RTX 5090 D 星曜 OC 32GB,影驰,20999-23999,CNY,国内电商参考区间,"按RTX 5090D国内高端非公版渠道价位整理",2025-01-30,"RTX 5090 D; 32GB GDDR7; 星曜外观; DLSS 4","影驰星曜RTX 5090D，白色旗舰显卡。",2026-06-06,https://www.szgalaxy.com/
显卡,技嘉 AORUS GeForce RTX 5080 MASTER 16G,技嘉,11999-13999,CNY,国内电商参考区间,"按技嘉AORUS RTX 5080国内高端渠道价位整理",2025-01-30,"RTX 5080; 16GB GDDR7; AORUS高端散热; DLSS 4","技嘉AORUS Master RTX 5080，高端非公版。",2026-06-06,https://www.gigabyte.cn/Graphics-Card
显卡,技嘉 GeForce RTX 5080 GAMING OC 16G,技嘉,12699,CNY,ZOL/京东参考价,"ZOL RTX 5080系列页收录技嘉京东12699元",2025-01-30,"RTX 5080; 16GB GDDR7; Gaming OC三风扇; DLSS 4","技嘉Gaming OC RTX 5080，中高端非公版。",2026-06-06,https://detail.zol.com.cn/vga/s11094/new_pic.html
显卡,技嘉 GeForce RTX 5080 WINDFORCE OC 16G,技嘉,8999-9999,CNY,国内电商参考区间,"按技嘉风魔RTX 5080国内渠道价位整理",2025-01-30,"RTX 5080; 16GB GDDR7; WINDFORCE散热; DLSS 4","技嘉风魔RTX 5080，定位相对入门。",2026-06-06,https://www.gigabyte.cn/Graphics-Card
显卡,微星 GeForce RTX 5080 Gaming Trio OC 16G,MSI,9999-11999,CNY,国内电商参考区间,"按微星RTX 5080 Gaming Trio国内渠道价位整理",2025-01-30,"RTX 5080; 16GB GDDR7; Gaming Trio散热; DLSS 4","微星Gaming Trio RTX 5080，高端游戏显卡。",2026-06-06,https://cn.msi.com/Graphics-Cards
显卡,微星 GeForce RTX 5080 Ventus 3X OC 16G,MSI,8799-9999,CNY,国内电商参考区间,"按微星万图师RTX 5080国内渠道价位整理",2025-01-30,"RTX 5080; 16GB GDDR7; Ventus三风扇; DLSS 4","微星万图师RTX 5080，偏实用定位。",2026-06-06,https://cn.msi.com/Graphics-Cards
显卡,映众 GeForce RTX 5080 X3 OC 16GB,映众,8599-9299,CNY,国内电商参考区间,"按映众RTX 5080 X3 OC国内渠道价位整理",2025-01-30,"RTX 5080; 16GB GDDR7; X3三风扇; DLSS 4","映众X3 OC RTX 5080，实用型高端显卡。",2026-06-06,https://www.inno3d.com/cn/
显卡,耕升 GeForce RTX 5080 追风 OC 16GB,耕升,8499-9299,CNY,国内电商参考区间,"按耕升RTX 5080追风国内渠道价位整理",2025-01-30,"RTX 5080; 16GB GDDR7; DLSS 4","耕升追风OC RTX 5080，定位相对入门。",2026-06-06,https://www.gainward.com.cn/
显卡,耕升 GeForce RTX 5080 炫光 OC 16GB,耕升,9299-10499,CNY,国内电商参考区间,"按耕升RTX 5080炫光国内渠道价位整理",2025-01-30,"RTX 5080; 16GB GDDR7; RGB散热; DLSS 4","耕升炫光RTX 5080，偏灯效和高端外观。",2026-06-06,https://www.gainward.com.cn/
显卡,铭瑄 GeForce RTX 5080 iCraft OC 16GB,铭瑄,8799-9999,CNY,国内电商参考区间,"按铭瑄RTX 5080电竞之心国内渠道价位整理",2025-01-30,"RTX 5080; 16GB GDDR7; iCraft散热; DLSS 4","铭瑄电竞之心RTX 5080，国产品牌高端非公版。",2026-06-06,https://www.maxsun.com.cn/
显卡,铭瑄 GeForce RTX 5080 终结者 OC 16GB,铭瑄,8299-9299,CNY,国内电商参考区间,"按铭瑄RTX 5080终结者国内渠道价位整理",2025-01-30,"RTX 5080; 16GB GDDR7; DLSS 4","铭瑄终结者RTX 5080，定位相对低价高端非公版。",2026-06-06,https://www.maxsun.com.cn/
显卡,七彩虹 战斧 GeForce RTX 5060 豪华版 8GB,七彩虹,2199-2499,CNY,国内电商参考区间,"按七彩虹RTX 5060战斧国内渠道价位整理",2025-05-19,"RTX 5060; 8GB GDDR7; 128bit; DLSS 4","七彩虹战斧RTX 5060，入门主流游戏显卡。",2026-06-06,https://www.colorful.cn/
显卡,七彩虹 iGame GeForce RTX 5060 Ultra W OC 8GB,七彩虹,2499-2899,CNY,国内电商参考区间,"按七彩虹RTX 5060 Ultra W国内渠道价位整理",2025-05-19,"RTX 5060; 8GB GDDR7; 白色Ultra外观; DLSS 4","七彩虹Ultra W RTX 5060，白色主流显卡。",2026-06-06,https://www.colorful.cn/
显卡,影驰 GeForce RTX 5060 金属大师 OC 8GB,影驰,2299-2699,CNY,国内电商参考区间,"按影驰RTX 5060金属大师国内渠道价位整理",2025-05-19,"RTX 5060; 8GB GDDR7; DLSS 4","影驰金属大师RTX 5060，主流1080p显卡。",2026-06-06,https://www.szgalaxy.com/
显卡,影驰 GeForce RTX 5060 星曜 OC 8GB,影驰,2499-2899,CNY,国内电商参考区间,"按影驰RTX 5060星曜国内渠道价位整理",2025-05-19,"RTX 5060; 8GB GDDR7; 白色星曜外观; DLSS 4","影驰星曜RTX 5060，白色主流显卡。",2026-06-06,https://www.szgalaxy.com/
显卡,索泰 GeForce RTX 5060 8GB X-GAMING OC,索泰,2299-2699,CNY,国内电商参考区间,"按索泰RTX 5060 X-GAMING国内渠道价位整理",2025-05-19,"RTX 5060; 8GB GDDR7; DLSS 4","索泰X-GAMING RTX 5060，主流游戏显卡。",2026-06-06,https://www.zotac.com/cn/
显卡,铭瑄 GeForce RTX 5060 终结者 8GB,铭瑄,2199-2499,CNY,国内电商参考区间,"按铭瑄RTX 5060终结者国内渠道价位整理",2025-05-19,"RTX 5060; 8GB GDDR7; DLSS 4","铭瑄终结者RTX 5060，入门主流显卡。",2026-06-06,https://www.maxsun.com.cn/
显卡,翔升 GeForce RTX 5060 战神 8GB,翔升,2099-2399,CNY,国内电商参考区间,"按翔升RTX 5060国内渠道价位整理",2025-05-19,"RTX 5060; 8GB GDDR7; DLSS 4","翔升战神RTX 5060，低价主流显卡。",2026-06-06,https://www.asl.com.cn/
显卡,蓝宝石 PULSE 脉动 RX 9060 XT 16G D6,蓝宝石,2799-3299,CNY,国内电商参考区间,"按蓝宝石RX 9060 XT 16GB国内渠道价位整理",2025-06-05,"RX 9060 XT; 16GB GDDR6; 128bit; RDNA 4","蓝宝石脉动RX 9060 XT 16GB，主流大显存A卡。",2026-06-06,https://www.sapphiretech.com/zh-cn
显卡,蓝宝石 PURE 极地 RX 9060 XT 16G D6,蓝宝石,2999-3499,CNY,国内电商参考区间,"按蓝宝石PURE RX 9060 XT 16GB国内渠道价位整理",2025-06-05,"RX 9060 XT; 16GB GDDR6; 128bit; RDNA 4; 白色外观","蓝宝石PURE极地RX 9060 XT，白色主流A卡。",2026-06-06,https://www.sapphiretech.com/zh-cn
显卡,瀚铠 Radeon RX 9060 XT 合金 16GB,瀚铠,2699-3199,CNY,国内电商参考区间,"按瀚铠RX 9060 XT 16GB国内渠道价位整理",2025-06-05,"RX 9060 XT; 16GB GDDR6; 128bit; RDNA 4","瀚铠合金RX 9060 XT 16GB，性价比主流A卡。",2026-06-06,https://www.vastarmor.com/
显卡,迪兰 Radeon RX 9060 XT 战神 16GB,迪兰,2799-3299,CNY,国内电商参考区间,"按迪兰RX 9060 XT 16GB国内渠道价位整理",2025-06-05,"RX 9060 XT; 16GB GDDR6; 128bit; RDNA 4","迪兰战神RX 9060 XT 16GB，主流A卡。",2026-06-06,https://www.dataland.com.cn/
主板,七彩虹 CVN B760M FROZEN WIFI D5 V20,七彩虹,929-949,CNY,京东/ZOL好价参考,"ZOL行情记录京东自营旗舰店特价949元，标题价929元",2023-Q1,"Intel B760; LGA1700; Micro ATX; DDR5; Wi-Fi; 白色CVN外观","七彩虹CVN白色B760M DDR5主板，国内装机常见型号。",2026-06-06,https://diy.zol.com.cn/839/8397004.html
主板,七彩虹 CVN B760M FROZEN WIFI D4 V20,七彩虹,799-899,CNY,国内电商参考区间,"按七彩虹CVN B760M DDR4国内渠道价位整理",2023-Q1,"Intel B760; LGA1700; Micro ATX; DDR4; Wi-Fi; 白色外观","七彩虹CVN白色B760M DDR4主板，适合沿用DDR4内存。",2026-06-06,https://www.colorful.cn/
主板,七彩虹 BATTLE-AX B760M-K D4 战斧,七彩虹,499-699,CNY,国内电商参考区间,"按七彩虹战斧B760M国内渠道价位整理",2023-Q1,"Intel B760; LGA1700; Micro ATX; DDR4; M.2","七彩虹战斧B760M，低预算Intel平台主板。",2026-06-06,https://www.colorful.cn/
主板,七彩虹 CVN B760I FROZEN WIFI D5,七彩虹,1099-1399,CNY,国内电商参考区间,"按七彩虹B760 ITX国内渠道价位整理",2023-Q1,"Intel B760; LGA1700; Mini-ITX; DDR5; Wi-Fi; 白色外观","七彩虹CVN B760I白色ITX主板，适合小型Intel平台。",2026-06-06,https://www.colorful.cn/
主板,七彩虹 CVN B650M GAMING FROZEN V14,七彩虹,899,CNY,京东上市价,"IT之家记录新品上市价格899元，京东券后899元",2024-02-03,"AMD B650; AM5; Micro ATX; DDR5; 全白PCB; M.2","七彩虹CVN B650M白色AM5主板，主打白色装机。",2026-06-06,https://www.ithome.com/0/748/753.htm
主板,七彩虹 CVN B650 GAMING FROZEN,七彩虹,999-1299,CNY,国内电商参考区间,"按七彩虹CVN B650 ATX国内渠道价位整理",2024-Q1,"AMD B650; AM5; ATX; DDR5; 白色外观; M.2","七彩虹CVN B650 ATX白色主板，适合中端AM5平台。",2026-06-06,https://www.colorful.cn/
主板,七彩虹 BATTLE-AX B650M-PLUS V14,七彩虹,699-899,CNY,国内电商参考区间,"按七彩虹战斧B650M国内渠道价位整理",2024-Q1,"AMD B650; AM5; Micro ATX; DDR5; M.2","七彩虹战斧B650M，低价AM5主流主板。",2026-06-06,https://www.colorful.cn/
主板,七彩虹 CVN B850M ARK FROZEN,七彩虹,999-1299,CNY,国内电商参考区间,"七彩虹B850新品国内渠道价位整理",2025-Q1,"AMD B850; AM5; Micro ATX; DDR5; Wi-Fi 7; 白色外观","七彩虹CVN B850M白色AM5新平台主板。",2026-06-06,https://www.colorful.cn/
主板,七彩虹 BATTLE-AX B850M-PLUS S WIFI7,七彩虹,899-1199,CNY,国内电商参考区间,"七彩虹B850新品国内渠道价位整理",2025-Q1,"AMD B850; AM5; Micro ATX; DDR5; Wi-Fi 7","七彩虹战斧B850M WiFi7，主流AM5新平台主板。",2026-06-06,https://www.colorful.cn/
主板,七彩虹 COLORFIRE B850M-MEOW WIFI7,七彩虹,999-1299,CNY,国内电商参考区间,"七彩虹橘宝/MEOW系列B850国内渠道价位整理",2025-Q1,"AMD B850; AM5; Micro ATX; DDR5; Wi-Fi 7; 猫系外观","七彩虹COLORFIRE MEOW B850M，偏二次元外观主板。",2026-06-06,https://www.colorful.cn/
主板,铭瑄 终结者 B850M PRO WIFI,铭瑄,899,CNY,京东首发价,"IT之家记录该型号上架国内电商平台，京东首发899元",2025-05-31,"AMD B850; AM5; Micro ATX; DDR5; Wi-Fi; 2.5G网卡","铭瑄终结者B850M PRO WIFI，主打性价比AM5新平台。",2026-06-06,https://www.ithome.com/0/852/605.htm
主板,铭瑄 终结者 B850M PRO DARK WIFI,铭瑄,949,CNY,ZOL列表参考价,"ZOL最新DDR5主板列表显示该型号949元",2025-Q2,"AMD B850; AM5; Micro ATX; DDR5; Wi-Fi; 黑色外观","铭瑄终结者B850M PRO DARK WIFI，黑色性价比B850主板。",2026-06-06,https://detail.zol.com.cn/motherboard/s9194/new_pic.html
主板,铭瑄 MS-iCraft B850M WIFI,铭瑄,999-1299,CNY,国内电商参考区间,"按铭瑄iCraft B850M国内渠道价位整理",2025-Q1,"AMD B850; AM5; Micro ATX; DDR5; Wi-Fi","铭瑄电竞之心B850M，面向中端AM5游戏平台。",2026-06-06,https://www.maxsun.com.cn/
主板,铭瑄 MS-挑战者 B850M WIFI,铭瑄,799-999,CNY,国内电商参考区间,"按铭瑄挑战者B850M国内渠道价位整理",2025-Q1,"AMD B850; AM5; Micro ATX; DDR5; Wi-Fi","铭瑄挑战者B850M，低价AM5新平台主板。",2026-06-06,https://www.maxsun.com.cn/
主板,昂达 B760-VH4-W,昂达,399-599,CNY,国内电商参考区间,"按昂达B760M国内渠道价位整理",2023-Q1,"Intel B760; LGA1700; Micro ATX; DDR4; M.2","昂达低价B760主板，适合入门Intel装机。",2026-06-06,https://www.onda.cn/
主板,昂达 B650PLUS-ITX-W,昂达,799-1099,CNY,国内电商参考区间,"按昂达AM5 ITX主板国内渠道价位整理",2024-Q1,"AMD B650; AM5; Mini-ITX; DDR5; Wi-Fi","昂达B650 ITX主板，适合低价小型AM5平台。",2026-06-06,https://www.onda.cn/
主板,映泰 B760MX2-E PRO D4,映泰,499-699,CNY,国内电商参考区间,"按映泰B760M国内渠道价位整理",2023-Q1,"Intel B760; LGA1700; Micro ATX; DDR4; M.2","映泰入门B760M DDR4主板。",2026-06-06,https://www.biostar.cn/
主板,映泰 B650MT-E PRO,映泰,599-799,CNY,国内电商参考区间,"按映泰B650M国内渠道价位整理",2023-Q2,"AMD B650; AM5; Micro ATX; DDR5; M.2","映泰入门AM5 B650M主板。",2026-06-06,https://www.biostar.cn/
内存,金百达 银爵 DDR5 6000 32GB (16GBx2) C36,金百达,499-699,CNY,天极/国内电商参考区间,"天极产品库收录该型号，按京东/天猫/PDD常见价位整理",未公开,"32GB套装; DDR5-6000; C36; 288pin; 台式机内存","金百达银爵DDR5 6000，国内低价主流套装。",2026-06-06,https://product.yesky.com/product/1155/1155635/
内存,金百达 星刃 C30 DDR5 6000 32GB (16GBx2),金百达,599-799,CNY,太平洋/国内电商参考区间,"太平洋产品库收录该型号京东价格页",未公开,"32GB套装; DDR5-6000; C30; XMP/EXPO版本","金百达星刃C30套装，适合AM5低延迟配置。",2026-06-06,https://product.pconline.com.cn/memory/kingbank/2092947_price.html
内存,金百达 黑刃 DDR5 6000 三星颗粒 32GB (16GBx2),金百达,599-799,CNY,ZOL/国内电商参考区间,"ZOL收录该型号，描述为三星B-die颗粒32GB套装",未公开,"32GB套装; DDR5-6000; 三星颗粒; XMP/EXPO; 无灯马甲","金百达黑刃无灯DDR5 6000，适合简约主机。",2026-06-06,https://detail.zol.com.cn/memory/index1985005.shtml
内存,金百达 黑刃无灯 C36 DDR5 6000 32GB (16GBx2),金百达,499-699,CNY,太平洋/国内电商参考区间,"太平洋产品库收录该型号",未公开,"32GB套装; DDR5-6000; C36; 无灯散热片","金百达黑刃无灯C36套装，定位主流性价比。",2026-06-06,https://g.pconline.com.cn/product/memory/kingbank/1820807.html
内存,金百达 黑刃 DDR5 6400 32GB (16GBx2),金百达,599-799,CNY,国内电商参考区间,"按京东/天猫/PDD国内渠道价位整理",未公开,"32GB套装; DDR5-6400; XMP; 无灯马甲","金百达黑刃DDR5 6400，高频性价比套装。",2026-06-06,https://product.pconline.com.cn/memory/kingbank/
内存,金百达 刃 DDR5 6800 RGB 32GB (16GBx2),金百达,699-899,CNY,拼多多/国内电商参考区间,"各物品牌页提及拼多多618活动，按国内渠道价位整理",未公开,"32GB套装; DDR5-6800; RGB; XMP","金百达刃RGB DDR5 6800，面向高频和灯效平台。",2026-06-06,https://www.gwpp.com/pinpai/33830.html
内存,金百达 银爵 DDR5 6400 32GB (16GBx2),金百达,549-749,CNY,国内电商参考区间,"按京东/天猫/PDD国内渠道价位整理",未公开,"32GB套装; DDR5-6400; XMP/EXPO版本","金百达银爵DDR5 6400，高频低价套装。",2026-06-06,https://product.yesky.com/product/1155/1155635/
内存,光威 天策 RGB DDR5 6000 32GB (16GBx2) CL30,光威,599-799,CNY,国内电商参考区间,"按京东/天猫/PDD国内渠道价位整理",未公开,"32GB套装; DDR5-6000; CL30; RGB; XMP/EXPO","光威天策RGB DDR5 6000，国产主流灯条。",2026-06-06,https://www.gloway.com/
内存,光威 神策 RGB DDR5 6800 32GB (16GBx2),光威,799-1099,CNY,国内电商参考区间,"按京东/天猫/PDD国内渠道价位整理",未公开,"32GB套装; DDR5-6800; RGB; XMP","光威神策DDR5 6800，面向高频和灯效平台。",2026-06-06,https://www.gloway.com/
内存,阿斯加特 洛极 W3 DDR5 6000 32GB (16GBx2),阿斯加特,599-799,CNY,国内电商参考区间,"按京东/天猫/PDD国内渠道价位整理",未公开,"32GB套装; DDR5-6000; XMP/EXPO版本","阿斯加特洛极W3 DDR5 6000，主流国产套装。",2026-06-06,https://www.asgardmemory.com/
内存,阿斯加特 弗雷 DDR5 6800 32GB (16GBx2),阿斯加特,799-1099,CNY,国内电商参考区间,"按京东/天猫/PDD国内渠道价位整理",未公开,"32GB套装; DDR5-6800; XMP; RGB/马甲版本","阿斯加特弗雷DDR5 6800，高频国产内存。",2026-06-06,https://www.asgardmemory.com/
内存,玖合 星域 RGB DDR5 6800 32GB (16GBx2),玖合,599-899,CNY,国内电商参考区间,"按京东/天猫/PDD国内渠道价位整理",未公开,"32GB套装; DDR5-6800; RGB; XMP","玖合星域RGB DDR5 6800，低价高频灯条。",2026-06-06,https://detail.zol.com.cn/memory/
内存,酷兽 夜枭 RGB DDR5 6400 32GB (16GBx2),酷兽,499-699,CNY,国内电商参考区间,"按京东/天猫/PDD国内渠道价位整理",未公开,"32GB套装; DDR5-6400; RGB; XMP","酷兽夜枭RGB DDR5 6400，预算型高频灯条。",2026-06-06,https://detail.zol.com.cn/memory/
内存,枭鲸 海神 RGB DDR5 6400 32GB (16GBx2),枭鲸,499-699,CNY,国内电商参考区间,"按京东/天猫/PDD国内渠道价位整理",未公开,"32GB套装; DDR5-6400; RGB; XMP","枭鲸海神RGB DDR5 6400，低价国产灯条。",2026-06-06,https://detail.zol.com.cn/memory/
内存,佰维 悟空 DX100 DDR5 6800 32GB (16GBx2),Biwin,699-999,CNY,国内电商参考区间,"按京东/天猫/PDD国内渠道价位整理",未公开,"32GB套装; DDR5-6800; XMP; RGB/无RGB版本","佰维悟空DX100 DDR5 6800，高频国产套装。",2026-06-06,https://www.biwintech.com/
内存,朗科 绝影 DDR5 6400 32GB (16GBx2),Netac,599-799,CNY,国内电商参考区间,"按京东/天猫/PDD国内渠道价位整理",未公开,"32GB套装; DDR5-6400; XMP/EXPO版本","朗科绝影DDR5 6400，主流高频套装。",2026-06-06,https://www.netac.com.cn/
内存,台电 疾霆 DDR5 6400 32GB (16GBx2),台电,499-699,CNY,国内电商参考区间,"按京东/天猫/PDD国内渠道价位整理",未公开,"32GB套装; DDR5-6400; XMP; 马甲条","台电疾霆DDR5 6400，国产高频内存。",2026-06-06,https://www.teclast.com/
内存,威刚 XPG 龙耀 Lancer RGB DDR5 7200 32GB (16GBx2),ADATA XPG,899-1299,CNY,国内电商参考区间,"按京东/天猫国内渠道价位整理",未公开,"32GB套装; DDR5-7200; RGB; XMP","威刚XPG龙耀DDR5 7200，高频灯条。",2026-06-06,https://www.xpg.com/cn/
内存,十铨 DELTA RGB DDR5 7200 32GB (16GBx2),TEAMGROUP,899-1299,CNY,国内电商参考区间,"按京东/天猫国内渠道价位整理",未公开,"32GB套装; DDR5-7200; RGB; XMP","十铨DELTA RGB DDR5 7200，适合Intel高频平台。",2026-06-06,https://www.teamgroupinc.com/cn/
内存,宏碁掠夺者 Hermes冰刃 DDR5 7200 32GB (16GBx2),Acer Predator,999-1399,CNY,国内电商参考区间,"按京东/天猫国内渠道价位整理",未公开,"32GB套装; DDR5-7200; RGB; XMP","宏碁掠夺者冰刃DDR5 7200，高频RGB套装。",2026-06-06,https://www.predatorstorage.com/
CPU,Core i7-14790F,Intel,2399-2899,CNY,国内电商参考区间,"中国市场特供型号，按京东/天猫国内渠道价位整理",2024-Q1,"16核心24线程; LGA1700; DDR5/DDR4; 无核显","中国市场特供i7无核显处理器，适合B760/Z790独显平台。",2026-06-06,https://www.intel.cn/content/www/cn/zh/products/details/processors/core.html
CPU,Core i5-13490F,Intel,1099-1399,CNY,国内电商参考区间,"中国市场特供型号，按京东/天猫国内渠道价位整理",2023-Q1,"10核心16线程; LGA1700; DDR5/DDR4; 无核显","中国市场特供i5无核显处理器，适合主流游戏主机。",2026-06-06,https://www.intel.cn/content/www/cn/zh/products/details/processors/core.html
CPU,Core i7-13790F,Intel,1899-2399,CNY,国内电商参考区间,"中国市场特供型号，按京东/天猫国内渠道价位整理",2023-Q1,"16核心24线程; LGA1700; DDR5/DDR4; 无核显","中国市场特供i7无核显处理器，适合中高端独显配置。",2026-06-06,https://www.intel.cn/content/www/cn/zh/products/details/processors/core.html
CPU,Core i5-12490F,Intel,699-899,CNY,国内电商参考区间,"中国市场特供型号，按京东/天猫/PDD国内渠道价位整理",2022-Q1,"6核心12线程; LGA1700; DDR5/DDR4; 无核显","中国市场热门i5特供型号，适合低预算独显平台。",2026-06-06,https://www.intel.cn/content/www/cn/zh/products/details/processors/core.html
CPU,Core i3-12100F,Intel,399-599,CNY,国内电商参考区间,"按京东/天猫/PDD国内渠道价位整理",2022-Q1,"4核心8线程; LGA1700; DDR5/DDR4; 无核显","入门独显平台CPU，适合办公和轻度游戏。",2026-06-06,https://www.intel.cn/content/www/cn/zh/products/details/processors/core.html
CPU,Ryzen 5 5500,AMD,399-599,CNY,国内电商参考区间,"按京东/天猫/PDD国内渠道价位整理",2022-04-04,"6核12线程; AM4; DDR4; 65W TDP","低预算AM4处理器，适合入门独显游戏主机。",2026-06-06,https://www.amd.com/zh-cn/products/processors/desktops/ryzen.html
CPU,Ryzen 5 5600G,AMD,599-799,CNY,国内电商参考区间,"按京东/天猫/PDD国内渠道价位整理",2021-08-05,"6核12线程; AM4; DDR4; Radeon Vega核显; 65W TDP","AM4 APU，适合无独显办公和轻度游戏。",2026-06-06,https://www.amd.com/zh-cn/products/processors/desktops/ryzen.html
CPU,Ryzen 7 5700G,AMD,899-1199,CNY,国内电商参考区间,"按京东/天猫/PDD国内渠道价位整理",2021-08-05,"8核16线程; AM4; DDR4; Radeon Vega核显; 65W TDP","AM4八核APU，适合无独显多用途主机。",2026-06-06,https://www.amd.com/zh-cn/products/processors/desktops/ryzen.html
